Station ID,Year,Month,Day,Hour,Minute,Second,Date (ISO Format),Station Latitude,Station Longitude,Station Elevation,Timestamp (Epoch),ZWD Observation,Satellite Azimuth,Satellite Elevation,Temperature (°C),Pressure (hPa),Humidity (%)
MET300FIN,2025,9,8,12,33,59,2025-09-08T12:33:59.000Z,60.217,24.395,79.2,1757334839,22.47,77,49,-3.1,1012.4,49
MET300FIN,2025,9,7,12,34,4,2025-09-07T12:34:04.000Z,60.217,24.395,79.2,1757248444,19.57,253,27,-5.8,1021.3,64
MET300FIN,2025,9,6,12,34,8,2025-09-06T12:34:08.000Z,60.217,24.395,79.2,1757162048,11.18,208,89,-2.8,1008.9,67
MET300FIN,2025,9,5,12,34,13,2025-09-05T12:34:13.000Z,60.217,24.395,79.2,1757075653,8.33,53,3,-6.0,1019.7,47
MET300FIN,2025,9,4,12,34,17,2025-09-04T12:34:17.000Z,60.217,24.395,79.2,1756989257,20.32,183,76,-4.2,1012.1,51
MET300FIN,2025,9,3,12,34,21,2025-09-03T12:34:21.000Z,60.217,24.395,79.2,1756902861,19.59,40,29,-4.5,1013.9,48
MET300FIN,2025,9,2,12,34,25,2025-09-02T12:34:25.000Z,60.217,24.395,79.2,1756816465,20.69,198,17,-3.6,1004.9,68
MET300FIN,2025,9,1,12,34,29,2025-09-01T12:34:29.000Z,60.217,24.395,79.2,1756730069,10.75,326,1,-5.9,1013.6,48
MET300FIN,2025,8,31,12,34,33,2025-08-31T12:34:33.000Z,60.217,24.395,79.2,1756643673,17.52,198,30,0.3,1004.5,70
MET300FIN,2025,8,30,12,34,38,2025-08-30T12:34:38.000Z,60.217,24.395,79.2,1756557278,19.30,264,9,0.6,1003.8,66
MET300FIN,2025,8,29,12,34,42,2025-08-29T12:34:42.000Z,60.217,24.395,79.2,1756470882,20.84,211,17,1.2,1021.4,71
MET300FIN,2025,8,28,12,34,47,2025-08-28T12:34:47.000Z,60.217,24.395,79.2,1756384487,9.66,12,17,-4.3,1004.2,46
MET300FIN,2025,8,27,12,34,50,2025-08-27T12:34:50.000Z,60.217,24.395,79.2,1756298090,16.86,84,66,-1.8,1018.4,49
MET300FIN,2025,8,26,12,34,54,2025-08-26T12:34:54.000Z,60.217,24.395,79.2,1756211694,6.11,90,15,-1.0,1012.0,74
MET300FIN,2025,8,25,12,34,59,2025-08-25T12:34:59.000Z,60.217,24.395,79.2,1756125299,21.84,197,87,-6.0,1017.9,70
MET300FIN,2025,8,24,12,35,3,2025-08-24T12:35:03.000Z,60.217,24.395,79.2,1756038903,20.94,93,86,-0.4,1008.2,65
MET300FIN,2025,8,23,12,35,7,2025-08-23T12:35:07.000Z,60.217,24.395,79.2,1755952507,16.03,323,69,-5.3,1013.8,57
MET300FIN,2025,8,22,12,35,11,2025-08-22T12:35:11.000Z,60.217,24.395,79.2,1755866111,17.78,202,37,-4.4,1014.8,54
MET300FIN,2025,8,21,12,35,15,2025-08-21T12:35:15.000Z,60.217,24.395,79.2,1755779715,14.39,103,29,1.1,1005.3,55
MET300FIN,2025,8,20,12,35,20,2025-08-20T12:35:20.000Z,60.217,24.395,79.2,1755693320,10.88,316,45,-5.6,1021.3,68
METG00FIN,2025,9,8,12,35,26,2025-09-08T12:35:26.000Z,60.242,24.384,59.7,1757334926,16.25,131,70,-4.3,1010.3,53
METG00FIN,2025,9,7,12,35,31,2025-09-07T12:35:31.000Z,60.242,24.384,59.7,1757248531,15.45,62,23,-8.9,1018.7,68
METG00FIN,2025,9,6,12,35,35,2025-09-06T12:35:35.000Z,60.242,24.384,59.7,1757162135,23.78,193,10,-9.6,1014.3,63
METG00FIN,2025,9,5,12,35,39,2025-09-05T12:35:39.000Z,60.242,24.384,59.7,1757075739,19.64,70,85,-2.7,1016.1,68
METG00FIN,2025,9,4,12,35,44,2025-09-04T12:35:44.000Z,60.242,24.384,59.7,1756989344,22.67,139,69,-3.4,1012.3,53
METG00FIN,2025,9,3,12,35,48,2025-09-03T12:35:48.000Z,60.242,24.384,59.7,1756902948,19.25,13,2,-7.4,1015.6,73
METG00FIN,2025,9,2,12,35,52,2025-09-02T12:35:52.000Z,60.242,24.384,59.7,1756816552,13.53,345,18,-6.1,1013.5,60
METG00FIN,2025,9,1,12,35,56,2025-09-01T12:35:56.000Z,60.242,24.384,59.7,1756730156,11.07,115,13,-6.6,1013.0,45
METG00FIN,2025,8,31,12,36,0,2025-08-31T12:36:00.000Z,60.242,24.384,59.7,1756643760,9.41,269,22,-0.5,1011.8,54
METG00FIN,2025,8,30,12,36,5,2025-08-30T12:36:05.000Z,60.242,24.384,59.7,1756557365,6.77,125,29,-0.1,1021.8,65
METG00FIN,2025,8,29,12,36,10,2025-08-29T12:36:10.000Z,60.242,24.384,59.7,1756470970,13.75,156,4,-3.9,1012.3,66
METG00FIN,2025,8,28,12,36,14,2025-08-28T12:36:14.000Z,60.242,24.384,59.7,1756384574,14.24,222,78,-4.0,1012.5,52
METG00FIN,2025,8,27,12,36,19,2025-08-27T12:36:19.000Z,60.242,24.384,59.7,1756298179,14.77,6,50,-2.3,1005.7,65
METG00FIN,2025,8,26,12,36,23,2025-08-26T12:36:23.000Z,60.242,24.384,59.7,1756211783,6.03,162,53,-4.3,1018.6,69
METG00FIN,2025,8,25,12,36,27,2025-08-25T12:36:27.000Z,60.242,24.384,59.7,1756125387,14.48,161,6,-0.8,1010.4,64
METG00FIN,2025,8,24,12,36,31,2025-08-24T12:36:31.000Z,60.242,24.384,59.7,1756038991,8.36,93,0,0.6,1020.3,52
METG00FIN,2025,8,23,12,36,35,2025-08-23T12:36:35.000Z,60.242,24.384,59.7,1755952595,13.11,112,18,-3.3,1020.8,65
METG00FIN,2025,8,22,12,36,40,2025-08-22T12:36:40.000Z,60.242,24.384,59.7,1755866200,18.57,121,75,-5.3,1014.9,70
METG00FIN,2025,8,21,12,36,44,2025-08-21T12:36:44.000Z,60.242,24.384,59.7,1755779804,13.31,203,19,-3.2,1014.2,47
METG00FIN,2025,8,20,12,36,49,2025-08-20T12:36:49.000Z,60.242,24.384,59.7,1755693409,15.12,286,43,-1.1,1020.7,52
MFKG00ZAF,2025,9,8,12,36,55,2025-09-08T12:36:55.000Z,-25.805,25.54,1310.9,1757335015,7.92,329,28,15.2,1020.6,68
MFKG00ZAF,2025,9,7,12,37,0,2025-09-07T12:37:00.000Z,-25.805,25.54,1310.9,1757248620,20.39,354,69,14.1,1013.7,73
MFKG00ZAF,2025,9,6,12,37,4,2025-09-06T12:37:04.000Z,-25.805,25.54,1310.9,1757162224,18.08,270,33,15.4,1016.4,73
MFKG00ZAF,2025,9,5,12,37,8,2025-09-05T12:37:08.000Z,-25.805,25.54,1310.9,1757075828,13.92,145,50,14.9,1008.4,54
MFKG00ZAF,2025,9,4,12,37,14,2025-09-04T12:37:14.000Z,-25.805,25.54,1310.9,1756989434,12.61,343,15,13.3,1021.9,46
MFKG00ZAF,2025,9,3,12,37,18,2025-09-03T12:37:18.000Z,-25.805,25.54,1310.9,1756903038,16.65,1,39,15.9,1018.5,52
MFKG00ZAF,2025,9,2,12,37,22,2025-09-02T12:37:22.000Z,-25.805,25.54,1310.9,1756816642,5.66,238,21,17.2,1017.8,56
MFKG00ZAF,2025,9,1,12,37,26,2025-09-01T12:37:26.000Z,-25.805,25.54,1310.9,1756730246,21.85,198,30,11.3,1021.4,52
MFKG00ZAF,2025,8,31,12,37,30,2025-08-31T12:37:30.000Z,-25.805,25.54,1310.9,1756643850,14.24,231,46,17.1,1015.9,54
MFKG00ZAF,2025,8,30,12,37,35,2025-08-30T12:37:35.000Z,-25.805,25.54,1310.9,1756557455,7.16,181,69,17.8,1010.1,48
MFKG00ZAF,2025,8,29,12,37,39,2025-08-29T12:37:39.000Z,-25.805,25.54,1310.9,1756471059,18.70,259,38,19.0,1004.7,65
MFKG00ZAF,2025,8,28,12,37,43,2025-08-28T12:37:43.000Z,-25.805,25.54,1310.9,1756384663,19.80,94,44,15.0,1008.6,53
MFKG00ZAF,2025,8,27,12,37,47,2025-08-27T12:37:47.000Z,-25.805,25.54,1310.9,1756298267,10.80,41,64,20.9,1009.0,47
MFKG00ZAF,2025,8,26,12,37,52,2025-08-26T12:37:52.000Z,-25.805,25.54,1310.9,1756211872,5.79,137,74,16.3,1006.0,54
MFKG00ZAF,2025,8,25,12,37,57,2025-08-25T12:37:57.000Z,-25.805,25.54,1310.9,1756125477,21.78,18,68,19.1,1011.2,64
MFKG00ZAF,2025,8,24,12,38,2,2025-08-24T12:38:02.000Z,-25.805,25.54,1310.9,1756039082,17.10,177,46,14.2,1013.9,48
MFKG00ZAF,2025,8,23,12,38,6,2025-08-23T12:38:06.000Z,-25.805,25.54,1310.9,1755952686,10.74,30,13,22.0,1010.2,49
MFKG00ZAF,2025,8,22,12,38,10,2025-08-22T12:38:10.000Z,-25.805,25.54,1310.9,1755866290,20.64,319,0,14.6,1015.7,68
MFKG00ZAF,2025,8,21,12,38,14,2025-08-21T12:38:14.000Z,-25.805,25.54,1310.9,1755779894,19.23,240,20,17.2,1017.1,51
MFKG00ZAF,2025,8,20,12,38,19,2025-08-20T12:38:19.000Z,-25.805,25.54,1310.9,1755693499,6.21,349,49,17.6,1017.2,48
MGUE00ARG,2025,9,8,12,38,26,2025-09-08T12:38:26.000Z,-35.777,-69.398,1554.15,1757335106,13.01,211,64,7.5,1022.2,70
MGUE00ARG,2025,9,7,12,38,30,2025-09-07T12:38:30.000Z,-35.777,-69.398,1554.15,1757248710,16.22,231,87,7.9,1012.5,72
MGUE00ARG,2025,9,6,12,38,34,2025-09-06T12:38:34.000Z,-35.777,-69.398,1554.15,1757162314,9.79,9,61,6.6,1017.3,62
MGUE00ARG,2025,9,5,12,38,38,2025-09-05T12:38:38.000Z,-35.777,-69.398,1554.15,1757075918,10.69,19,85,5.0,1022.9,60
MGUE00ARG,2025,9,4,12,38,42,2025-09-04T12:38:42.000Z,-35.777,-69.398,1554.15,1756989522,17.40,210,5,10.0,1003.6,52
MGUE00ARG,2025,9,3,12,38,47,2025-09-03T12:38:47.000Z,-35.777,-69.398,1554.15,1756903127,15.67,18,28,10.5,1011.0,54
MGUE00ARG,2025,9,2,12,38,51,2025-09-02T12:38:51.000Z,-35.777,-69.398,1554.15,1756816731,7.84,60,0,7.5,1010.9,48
MGUE00ARG,2025,9,1,12,38,55,2025-09-01T12:38:55.000Z,-35.777,-69.398,1554.15,1756730335,18.72,263,33,7.5,1004.3,68
MGUE00ARG,2025,8,31,12,39,0,2025-08-31T12:39:00.000Z,-35.777,-69.398,1554.15,1756643940,19.95,85,66,15.2,1014.3,59
MGUE00ARG,2025,8,30,12,39,4,2025-08-30T12:39:04.000Z,-35.777,-69.398,1554.15,1756557544,8.93,157,34,14.7,1013.0,51
MGUE00ARG,2025,8,29,12,39,8,2025-08-29T12:39:08.000Z,-35.777,-69.398,1554.15,1756471148,13.66,314,71,10.7,1011.7,62
MGUE00ARG,2025,8,28,12,39,13,2025-08-28T12:39:13.000Z,-35.777,-69.398,1554.15,1756384753,21.18,286,43,10.5,1014.9,68
MGUE00ARG,2025,8,27,12,39,17,2025-08-27T12:39:17.000Z,-35.777,-69.398,1554.15,1756298357,24.48,174,61,10.9,1022.0,68
MGUE00ARG,2025,8,26,12,39,21,2025-08-26T12:39:21.000Z,-35.777,-69.398,1554.15,1756211961,11.24,237,41,9.5,1009.4,50
MGUE00ARG,2025,8,25,12,39,25,2025-08-25T12:39:25.000Z,-35.777,-69.398,1554.15,1756125565,11.12,65,78,12.8,1005.7,67
MGUE00ARG,2025,8,24,12,39,30,2025-08-24T12:39:30.000Z,-35.777,-69.398,1554.15,1756039170,23.83,91,60,12.1,1012.5,65
MGUE00ARG,2025,8,23,12,39,34,2025-08-23T12:39:34.000Z,-35.777,-69.398,1554.15,1755952774,22.95,188,8,10.2,1004.2,71
MGUE00ARG,2025,8,22,12,39,38,2025-08-22T12:39:38.000Z,-35.777,-69.398,1554.15,1755866378,22.79,287,61,14.6,1018.1,65
MGUE00ARG,2025,8,21,12,39,42,2025-08-21T12:39:42.000Z,-35.777,-69.398,1554.15,1755779982,19.39,73,40,10.1,1006.3,64
MGUE00ARG,2025,8,20,12,39,46,2025-08-20T12:39:46.000Z,-35.777,-69.398,1554.15,1755693586,21.78,176,8,12.9,1004.0,55
MIKL00UKR,2025,9,8,12,39,53,2025-09-08T12:39:53.000Z,46.973,31.973,94.7,1757335193,21.36,357,12,-0.6,1010.1,54
MIKL00UKR,2025,9,7,12,39,57,2025-09-07T12:39:57.000Z,46.973,31.973,94.7,1757248797,10.38,120,82,1.5,1015.9,55
MIKL00UKR,2025,9,6,12,40,2,2025-09-06T12:40:02.000Z,46.973,31.973,94.7,1757162402,19.10,37,54,4.4,1016.7,67
MIKL00UKR,2025,9,5,12,40,7,2025-09-05T12:40:07.000Z,46.973,31.973,94.7,1757076007,9.37,37,9,-1.7,1006.1,53
MIKL00UKR,2025,9,4,12,40,11,2025-09-04T12:40:11.000Z,46.973,31.973,94.7,1756989611,15.29,101,79,1.3,1022.1,67
MIKL00UKR,2025,9,3,12,40,16,2025-09-03T12:40:16.000Z,46.973,31.973,94.7,1756903216,9.59,146,14,2.0,1008.3,69
MIKL00UKR,2025,9,2,12,40,20,2025-09-02T12:40:20.000Z,46.973,31.973,94.7,1756816820,19.43,182,1,2.6,1019.1,62
MIKL00UKR,2025,9,1,12,40,25,2025-09-01T12:40:25.000Z,46.973,31.973,94.7,1756730425,12.22,91,89,-0.7,1013.6,69
MIKL00UKR,2025,8,31,12,40,29,2025-08-31T12:40:29.000Z,46.973,31.973,94.7,1756644029,7.66,265,74,7.9,1021.8,70
MIKL00UKR,2025,8,30,12,40,32,2025-08-30T12:40:32.000Z,46.973,31.973,94.7,1756557632,6.49,118,31,6.9,1006.0,67
MIKL00UKR,2025,8,29,12,40,36,2025-08-29T12:40:36.000Z,46.973,31.973,94.7,1756471236,14.12,102,56,3.0,1022.2,58
MIKL00UKR,2025,8,28,12,40,43,2025-08-28T12:40:43.000Z,46.973,31.973,94.7,1756384843,13.06,324,70,6.7,1022.2,51
MIKL00UKR,2025,8,27,12,40,47,2025-08-27T12:40:47.000Z,46.973,31.973,94.7,1756298447,8.53,20,64,4.2,1022.8,54
MIKL00UKR,2025,8,26,12,40,51,2025-08-26T12:40:51.000Z,46.973,31.973,94.7,1756212051,13.61,111,64,2.3,1014.5,51
MIKL00UKR,2025,8,25,12,40,55,2025-08-25T12:40:55.000Z,46.973,31.973,94.7,1756125655,5.34,294,44,7.9,1009.5,47
MIKL00UKR,2025,8,24,12,40,59,2025-08-24T12:40:59.000Z,46.973,31.973,94.7,1756039259,21.35,4,1,1.8,1020.1,45
MIKL00UKR,2025,8,23,12,41,3,2025-08-23T12:41:03.000Z,46.973,31.973,94.7,1755952863,15.47,62,7,9.2,1014.0,59
MIKL00UKR,2025,8,22,12,41,7,2025-08-22T12:41:07.000Z,46.973,31.973,94.7,1755866467,14.02,282,43,3.4,1009.4,71
MIKL00UKR,2025,8,21,12,41,11,2025-08-21T12:41:11.000Z,46.973,31.973,94.7,1755780071,6.67,133,83,3.5,1010.3,58
MIKL00UKR,2025,8,20,12,41,16,2025-08-20T12:41:16.000Z,46.973,31.973,94.7,1755693676,5.28,342,62,4.9,1003.2,66
MIZU00JPN,2025,9,8,12,41,22,2025-09-08T12:41:22.000Z,39.135,141.133,117,1757335282,11.28,171,73,5.5,1021.9,56
MIZU00JPN,2025,9,7,12,41,27,2025-09-07T12:41:27.000Z,39.135,141.133,117,1757248887,22.02,166,52,2.7,1023.0,50
MIZU00JPN,2025,9,6,12,41,32,2025-09-06T12:41:32.000Z,39.135,141.133,117,1757162492,20.46,348,46,8.7,1012.6,64
MIZU00JPN,2025,9,5,12,41,37,2025-09-05T12:41:37.000Z,39.135,141.133,117,1757076097,21.59,178,49,3.2,1022.2,68
MIZU00JPN,2025,9,4,12,41,42,2025-09-04T12:41:42.000Z,39.135,141.133,117,1756989702,10.82,203,60,10.2,1015.7,57
MIZU00JPN,2025,9,3,12,41,47,2025-09-03T12:41:47.000Z,39.135,141.133,117,1756903307,20.54,275,74,2.6,1016.8,69
MIZU00JPN,2025,9,2,12,41,51,2025-09-02T12:41:51.000Z,39.135,141.133,117,1756816911,7.21,197,12,5.1,1003.5,68
MIZU00JPN,2025,9,1,12,41,56,2025-09-01T12:41:56.000Z,39.135,141.133,117,1756730516,22.55,87,19,7.8,1005.2,56
MIZU00JPN,2025,8,31,12,42,1,2025-08-31T12:42:01.000Z,39.135,141.133,117,1756644121,6.99,90,39,10.2,1012.1,70
MIZU00JPN,2025,8,30,12,42,6,2025-08-30T12:42:06.000Z,39.135,141.133,117,1756557726,7.19,233,17,7.5,1019.3,50
MIZU00JPN,2025,8,29,12,42,12,2025-08-29T12:42:12.000Z,39.135,141.133,117,1756471332,20.02,311,46,11.7,1008.2,62
MIZU00JPN,2025,8,28,12,42,16,2025-08-28T12:42:16.000Z,39.135,141.133,117,1756384936,15.37,91,39,7.8,1014.3,67
MIZU00JPN,2025,8,27,12,42,20,2025-08-27T12:42:20.000Z,39.135,141.133,117,1756298540,5.68,124,21,11.0,1018.0,59
MIZU00JPN,2025,8,26,12,42,25,2025-08-26T12:42:25.000Z,39.135,141.133,117,1756212145,13.93,356,6,9.0,1022.6,74
MIZU00JPN,2025,8,25,12,42,29,2025-08-25T12:42:29.000Z,39.135,141.133,117,1756125749,16.94,142,12,9.1,1004.7,67
MIZU00JPN,2025,8,24,12,42,34,2025-08-24T12:42:34.000Z,39.135,141.133,117,1756039354,15.99,330,13,10.3,1019.7,46
MIZU00JPN,2025,8,23,12,42,38,2025-08-23T12:42:38.000Z,39.135,141.133,117,1755952958,12.85,186,10,13.5,1015.5,73
MIZU00JPN,2025,8,22,12,42,42,2025-08-22T12:42:42.000Z,39.135,141.133,117,1755866562,23.06,19,22,13.5,1020.2,71
MIZU00JPN,2025,8,21,12,42,47,2025-08-21T12:42:47.000Z,39.135,141.133,117,1755780167,21.88,19,29,9.4,1005.9,69
MIZU00JPN,2025,8,20,12,42,51,2025-08-20T12:42:51.000Z,39.135,141.133,117,1755693771,13.40,288,57,11.0,1006.4,56
MKEA00USA,2025,9,8,12,42,57,2025-09-08T12:42:57.000Z,19.801,-155.456,3754.7,1757335377,21.86,49,51,16.1,1014.6,63
MKEA00USA,2025,9,7,12,43,2,2025-09-07T12:43:02.000Z,19.801,-155.456,3754.7,1757248982,14.11,102,72,21.5,1003.8,59
MKEA00USA,2025,9,6,12,43,6,2025-09-06T12:43:06.000Z,19.801,-155.456,3754.7,1757162586,19.28,298,86,14.2,1020.5,65
MKEA00USA,2025,9,5,12,43,11,2025-09-05T12:43:11.000Z,19.801,-155.456,3754.7,1757076191,13.79,210,20,18.6,1011.0,57
MKEA00USA,2025,9,4,12,43,15,2025-09-04T12:43:15.000Z,19.801,-155.456,3754.7,1756989795,9.10,35,20,21.9,1022.2,66
MKEA00USA,2025,9,3,12,43,20,2025-09-03T12:43:20.000Z,19.801,-155.456,3754.7,1756903400,22.32,31,31,20.6,1009.2,61
MKEA00USA,2025,9,2,12,43,23,2025-09-02T12:43:23.000Z,19.801,-155.456,3754.7,1756817003,5.68,237,78,14.7,1004.9,52
MKEA00USA,2025,9,1,12,43,29,2025-09-01T12:43:29.000Z,19.801,-155.456,3754.7,1756730609,17.16,140,9,18.2,1005.1,55
MKEA00USA,2025,8,31,12,43,33,2025-08-31T12:43:33.000Z,19.801,-155.456,3754.7,1756644213,7.22,141,10,25.6,1018.6,54
MKEA00USA,2025,8,30,12,43,38,2025-08-30T12:43:38.000Z,19.801,-155.456,3754.7,1756557818,19.76,217,8,22.5,1017.2,56
MKEA00USA,2025,8,29,12,43,42,2025-08-29T12:43:42.000Z,19.801,-155.456,3754.7,1756471422,19.85,317,11,20.9,1021.7,68
MKEA00USA,2025,8,28,12,43,47,2025-08-28T12:43:47.000Z,19.801,-155.456,3754.7,1756385027,21.20,36,80,22.4,1008.4,49
MKEA00USA,2025,8,27,12,43,52,2025-08-27T12:43:52.000Z,19.801,-155.456,3754.7,1756298632,22.33,194,58,25.2,1015.6,56
MKEA00USA,2025,8,26,12,43,57,2025-08-26T12:43:57.000Z,19.801,-155.456,3754.7,1756212237,11.25,333,66,22.7,1004.4,55
MKEA00USA,2025,8,25,12,44,1,2025-08-25T12:44:01.000Z,19.801,-155.456,3754.7,1756125841,13.65,355,66,22.4,1012.5,67
MKEA00USA,2025,8,24,12,44,7,2025-08-24T12:44:07.000Z,19.801,-155.456,3754.7,1756039447,13.42,290,54,24.1,1003.3,70
MKEA00USA,2025,8,23,12,44,12,2025-08-23T12:44:12.000Z,19.801,-155.456,3754.7,1755953052,24.47,303,32,23.8,1003.9,51
MKEA00USA,2025,8,22,12,44,17,2025-08-22T12:44:17.000Z,19.801,-155.456,3754.7,1755866657,20.40,162,44,25.7,1013.0,71
MKEA00USA,2025,8,21,12,44,21,2025-08-21T12:44:21.000Z,19.801,-155.456,3754.7,1755780261,11.62,70,81,19.7,1006.5,63
MKEA00USA,2025,8,20,12,44,26,2025-08-20T12:44:26.000Z,19.801,-155.456,3754.7,1755693866,18.96,147,81,25.4,1013.9,52
MOBJ00RUS,2025,9,8,12,44,32,2025-09-08T12:44:32.000Z,55.115,36.57,182.608,1757335472,17.83,41,52,-4.8,1018.5,45
MOBJ00RUS,2025,9,7,12,44,36,2025-09-07T12:44:36.000Z,55.115,36.57,182.608,1757249076,7.19,236,34,-3.0,1014.1,66
MOBJ00RUS,2025,9,6,12,44,41,2025-09-06T12:44:41.000Z,55.115,36.57,182.608,1757162681,24.35,230,89,-6.3,1013.5,46
MOBJ00RUS,2025,9,5,12,44,45,2025-09-05T12:44:45.000Z,55.115,36.57,182.608,1757076285,8.81,267,82,0.2,1018.5,54
MOBJ00RUS,2025,9,4,12,44,49,2025-09-04T12:44:49.000Z,55.115,36.57,182.608,1756989889,22.24,23,59,-3.6,1018.2,69
MOBJ00RUS,2025,9,3,12,44,54,2025-09-03T12:44:54.000Z,55.115,36.57,182.608,1756903494,9.27,332,9,-3.7,1015.1,47
MOBJ00RUS,2025,9,2,12,44,58,2025-09-02T12:44:58.000Z,55.115,36.57,182.608,1756817098,12.96,330,36,-5.6,1005.6,56
MOBJ00RUS,2025,9,1,12,45,2,2025-09-01T12:45:02.000Z,55.115,36.57,182.608,1756730702,19.34,39,65,-3.3,1010.2,51
MOBJ00RUS,2025,8,31,12,45,6,2025-08-31T12:45:06.000Z,55.115,36.57,182.608,1756644306,7.72,253,39,2.4,1014.5,71
MOBJ00RUS,2025,8,30,12,45,10,2025-08-30T12:45:10.000Z,55.115,36.57,182.608,1756557910,7.33,227,37,-0.5,1009.2,73
MOBJ00RUS,2025,8,29,12,45,14,2025-08-29T12:45:14.000Z,55.115,36.57,182.608,1756471514,6.54,73,67,-2.3,1019.5,57
MOBJ00RUS,2025,8,28,12,45,18,2025-08-28T12:45:18.000Z,55.115,36.57,182.608,1756385118,24.31,332,16,4.1,1006.3,74
MOBJ00RUS,2025,8,27,12,45,22,2025-08-27T12:45:22.000Z,55.115,36.57,182.608,1756298722,22.31,44,52,4.3,1009.7,72
MOBJ00RUS,2025,8,26,12,45,26,2025-08-26T12:45:26.000Z,55.115,36.57,182.608,1756212326,12.10,323,17,4.4,1004.5,74
MOBJ00RUS,2025,8,25,12,45,30,2025-08-25T12:45:30.000Z,55.115,36.57,182.608,1756125930,18.72,135,19,3.5,1016.2,66
MOBJ00RUS,2025,8,24,12,45,35,2025-08-24T12:45:35.000Z,55.115,36.57,182.608,1756039535,21.79,44,54,-1.1,1005.0,71
MOBJ00RUS,2025,8,23,12,45,39,2025-08-23T12:45:39.000Z,55.115,36.57,182.608,1755953139,24.84,308,28,-1.6,1016.8,60
MOBJ00RUS,2025,8,22,12,45,42,2025-08-22T12:45:42.000Z,55.115,36.57,182.608,1755866742,6.50,87,12,4.2,1007.3,69
MOBJ00RUS,2025,8,21,12,45,46,2025-08-21T12:45:46.000Z,55.115,36.57,182.608,1755780346,6.68,138,54,0.8,1019.7,67
MOBJ00RUS,2025,8,20,12,45,51,2025-08-20T12:45:51.000Z,55.115,36.57,182.608,1755693951,14.76,200,23,-2.2,1012.1,63
MOBK00RUS,2025,9,8,12,45,57,2025-09-08T12:45:57.000Z,55.115,36.57,182.608,1757335557,19.79,135,45,-1.7,1016.2,48
MOBK00RUS,2025,9,7,12,46,1,2025-09-07T12:46:01.000Z,55.115,36.57,182.608,1757249161,6.90,180,18,-2.3,1010.9,69
MOBK00RUS,2025,9,6,12,46,7,2025-09-06T12:46:07.000Z,55.115,36.57,182.608,1757162767,12.16,261,39,-3.9,1006.2,53
MOBK00RUS,2025,9,5,12,46,12,2025-09-05T12:46:12.000Z,55.115,36.57,182.608,1757076372,8.18,240,89,-4.9,1022.6,68
MOBK00RUS,2025,9,4,12,46,17,2025-09-04T12:46:17.000Z,55.115,36.57,182.608,1756989977,18.57,258,45,-6.1,1018.4,59
MOBK00RUS,2025,9,3,12,46,21,2025-09-03T12:46:21.000Z,55.115,36.57,182.608,1756903581,19.93,161,5,-6.0,1016.9,46
MOBK00RUS,2025,9,2,12,46,25,2025-09-02T12:46:25.000Z,55.115,36.57,182.608,1756817185,17.70,14,14,-3.0,1019.3,70
MOBK00RUS,2025,9,1,12,46,30,2025-09-01T12:46:30.000Z,55.115,36.57,182.608,1756730790,11.24,199,58,0.5,1014.2,60
MOBK00RUS,2025,8,31,12,46,34,2025-08-31T12:46:34.000Z,55.115,36.57,182.608,1756644394,23.62,67,61,2.8,1009.2,50
MOBK00RUS,2025,8,30,12,46,38,2025-08-30T12:46:38.000Z,55.115,36.57,182.608,1756557998,13.53,162,49,2.4,1003.2,60
MOBK00RUS,2025,8,29,12,46,43,2025-08-29T12:46:43.000Z,55.115,36.57,182.608,1756471603,22.76,62,1,1.2,1021.9,56
MOBK00RUS,2025,8,28,12,46,47,2025-08-28T12:46:47.000Z,55.115,36.57,182.608,1756385207,11.79,90,1,0.2,1017.8,52
MOBK00RUS,2025,8,27,12,46,51,2025-08-27T12:46:51.000Z,55.115,36.57,182.608,1756298811,16.82,245,1,-0.8,1005.8,64
MOBK00RUS,2025,8,26,12,46,56,2025-08-26T12:46:56.000Z,55.115,36.57,182.608,1756212416,18.44,240,3,2.5,1021.5,51
MOBK00RUS,2025,8,25,12,47,0,2025-08-25T12:47:00.000Z,55.115,36.57,182.608,1756126020,17.28,313,23,2.9,1012.0,61
MOBK00RUS,2025,8,24,12,47,4,2025-08-24T12:47:04.000Z,55.115,36.57,182.608,1756039624,8.01,294,57,-2.5,1005.9,57
MOBK00RUS,2025,8,23,12,47,7,2025-08-23T12:47:07.000Z,55.115,36.57,182.608,1755953227,8.52,132,84,4.1,1022.0,50
MOBK00RUS,2025,8,22,12,47,12,2025-08-22T12:47:12.000Z,55.115,36.57,182.608,1755866832,17.68,29,39,1.9,1003.0,74
MOBK00RUS,2025,8,21,12,47,16,2025-08-21T12:47:16.000Z,55.115,36.57,182.608,1755780436,19.90,229,12,2.5,1010.1,51
MOBK00RUS,2025,8,20,12,47,20,2025-08-20T12:47:20.000Z,55.115,36.57,182.608,1755694040,8.51,302,3,-1.6,1010.7,65
MOBN00RUS,2025,9,8,12,47,26,2025-09-08T12:47:26.000Z,55.115,36.57,182.634,1757335646,5.49,166,84,-5.0,1012.9,68
MOBN00RUS,2025,9,7,12,47,31,2025-09-07T12:47:31.000Z,55.115,36.57,182.634,1757249251,11.91,51,58,-5.7,1006.8,69
MOBN00RUS,2025,9,6,12,47,35,2025-09-06T12:47:35.000Z,55.115,36.57,182.634,1757162855,6.80,183,78,0.6,1012.9,45
MOBN00RUS,2025,9,5,12,47,39,2025-09-05T12:47:39.000Z,55.115,36.57,182.634,1757076459,21.16,15,63,-1.6,1019.5,51
MOBN00RUS,2025,9,4,12,47,43,2025-09-04T12:47:43.000Z,55.115,36.57,182.634,1756990063,19.83,239,52,-3.6,1016.4,62
MOBN00RUS,2025,9,3,12,47,47,2025-09-03T12:47:47.000Z,55.115,36.57,182.634,1756903667,7.67,86,3,-0.6,1009.2,64
MOBN00RUS,2025,9,2,12,47,51,2025-09-02T12:47:51.000Z,55.115,36.57,182.634,1756817271,20.37,212,52,-4.3,1015.8,46
MOBN00RUS,2025,9,1,12,47,56,2025-09-01T12:47:56.000Z,55.115,36.57,182.634,1756730876,15.86,232,63,-3.7,1021.4,46
MOBN00RUS,2025,8,31,12,48,0,2025-08-31T12:48:00.000Z,55.115,36.57,182.634,1756644480,22.82,208,19,3.3,1018.0,59
MOBN00RUS,2025,8,30,12,48,4,2025-08-30T12:48:04.000Z,55.115,36.57,182.634,1756558084,24.10,296,24,-2.7,1014.6,63
MOBN00RUS,2025,8,29,12,48,8,2025-08-29T12:48:08.000Z,55.115,36.57,182.634,1756471688,14.15,104,45,-2.0,1018.4,71
MOBN00RUS,2025,8,28,12,48,12,2025-08-28T12:48:12.000Z,55.115,36.57,182.634,1756385292,13.07,39,59,-0.1,1018.1,62
MOBN00RUS,2025,8,27,12,48,16,2025-08-27T12:48:16.000Z,55.115,36.57,182.634,1756298896,17.34,22,21,3.0,1017.9,51
MOBN00RUS,2025,8,26,12,48,20,2025-08-26T12:48:20.000Z,55.115,36.57,182.634,1756212500,16.34,98,13,-1.7,1020.4,57
MOBN00RUS,2025,8,25,12,48,25,2025-08-25T12:48:25.000Z,55.115,36.57,182.634,1756126105,5.71,12,49,-2.7,1011.6,66
MOBN00RUS,2025,8,24,12,48,29,2025-08-24T12:48:29.000Z,55.115,36.57,182.634,1756039709,12.04,266,44,2.0,1011.5,49
MOBN00RUS,2025,8,23,12,48,36,2025-08-23T12:48:36.000Z,55.115,36.57,182.634,1755953316,12.71,337,14,1.7,1016.6,71
MOBN00RUS,2025,8,22,12,48,40,2025-08-22T12:48:40.000Z,55.115,36.57,182.634,1755866920,10.61,268,38,3.6,1012.5,68
MOBN00RUS,2025,8,21,12,48,44,2025-08-21T12:48:44.000Z,55.115,36.57,182.634,1755780524,18.81,227,23,-0.6,1017.7,57
MOBN00RUS,2025,8,20,12,48,49,2025-08-20T12:48:49.000Z,55.115,36.57,182.634,1755694129,9.74,302,17,3.8,1004.0,50
MOBS00AUS,2025,9,8,12,48,55,2025-09-08T12:48:55.000Z,-37.829,144.975,40.6,1757335735,16.47,254,18,4.7,1021.9,45
MOBS00AUS,2025,9,7,12,48,59,2025-09-07T12:48:59.000Z,-37.829,144.975,40.6,1757249339,8.54,151,6,9.1,1003.2,72
MOBS00AUS,2025,9,6,12,49,3,2025-09-06T12:49:03.000Z,-37.829,144.975,40.6,1757162943,9.96,35,87,5.4,1020.8,56
MOBS00AUS,2025,9,5,12,49,7,2025-09-05T12:49:07.000Z,-37.829,144.975,40.6,1757076547,19.08,313,17,9.4,1004.8,59
MOBS00AUS,2025,9,4,12,49,11,2025-09-04T12:49:11.000Z,-37.829,144.975,40.6,1756990151,10.49,17,45,9.9,1006.7,58
MOBS00AUS,2025,9,3,12,49,15,2025-09-03T12:49:15.000Z,-37.829,144.975,40.6,1756903755,7.30,190,24,6.4,1005.5,60
MOBS00AUS,2025,9,2,12,49,19,2025-09-02T12:49:19.000Z,-37.829,144.975,40.6,1756817359,20.99,306,36,3.7,1014.8,60
MOBS00AUS,2025,9,1,12,49,23,2025-09-01T12:49:23.000Z,-37.829,144.975,40.6,1756730963,13.36,288,35,6.9,1018.4,71
MOBS00AUS,2025,8,31,12,49,27,2025-08-31T12:49:27.000Z,-37.829,144.975,40.6,1756644567,11.01,182,56,12.0,1014.0,70
MOBS00AUS,2025,8,30,12,49,31,2025-08-30T12:49:31.000Z,-37.829,144.975,40.6,1756558171,7.36,16,20,7.0,1003.8,70
MOBS00AUS,2025,8,29,12,49,35,2025-08-29T12:49:35.000Z,-37.829,144.975,40.6,1756471775,17.72,90,89,15.0,1020.5,55
MOBS00AUS,2025,8,28,12,49,40,2025-08-28T12:49:40.000Z,-37.829,144.975,40.6,1756385380,20.24,275,81,8.6,1022.3,73
MOBS00AUS,2025,8,27,12,49,45,2025-08-27T12:49:45.000Z,-37.829,144.975,40.6,1756298985,10.32,98,6,11.8,1015.8,50
MOBS00AUS,2025,8,26,12,49,49,2025-08-26T12:49:49.000Z,-37.829,144.975,40.6,1756212589,18.02,273,83,7.7,1021.3,67
MOBS00AUS,2025,8,25,12,49,54,2025-08-25T12:49:54.000Z,-37.829,144.975,40.6,1756126194,6.57,35,11,8.9,1016.1,58
MOBS00AUS,2025,8,24,12,49,58,2025-08-24T12:49:58.000Z,-37.829,144.975,40.6,1756039798,22.93,135,37,11.8,1005.1,67
MOBS00AUS,2025,8,23,12,50,3,2025-08-23T12:50:03.000Z,-37.829,144.975,40.6,1755953403,10.85,149,26,10.4,1005.8,74
MOBS00AUS,2025,8,22,12,50,8,2025-08-22T12:50:08.000Z,-37.829,144.975,40.6,1755867008,18.65,322,34,11.9,1003.4,57
MOBS00AUS,2025,8,21,12,50,13,2025-08-21T12:50:13.000Z,-37.829,144.975,40.6,1755780613,6.74,339,83,9.8,1009.6,53
MOBS00AUS,2025,8,20,12,50,18,2025-08-20T12:50:18.000Z,-37.829,144.975,40.6,1755694218,5.44,92,52,10.2,1019.1,46
MOIU00KEN,2025,9,8,12,50,25,2025-09-08T12:50:25.000Z,0.288,35.29,2201.532,1757335825,12.47,331,74,31.6,1011.3,52
MOIU00KEN,2025,9,7,12,50,29,2025-09-07T12:50:29.000Z,0.288,35.29,2201.532,1757249429,22.00,256,48,31.6,1017.4,55
MOIU00KEN,2025,9,6,12,50,34,2025-09-06T12:50:34.000Z,0.288,35.29,2201.532,1757163034,15.97,218,53,33.8,1006.1,51
MOIU00KEN,2025,9,5,12,50,39,2025-09-05T12:50:39.000Z,0.288,35.29,2201.532,1757076639,15.51,5,82,29.8,1010.2,73
MOIU00KEN,2025,9,4,12,50,44,2025-09-04T12:50:44.000Z,0.288,35.29,2201.532,1756990244,6.42,139,50,30.3,1017.5,61
MOIU00KEN,2025,9,3,12,50,49,2025-09-03T12:50:49.000Z,0.288,35.29,2201.532,1756903849,9.10,95,36,28.8,1003.1,45
MOIU00KEN,2025,9,2,12,50,53,2025-09-02T12:50:53.000Z,0.288,35.29,2201.532,1756817453,12.71,26,58,28.3,1019.8,72
MOIU00KEN,2025,9,1,12,50,57,2025-09-01T12:50:57.000Z,0.288,35.29,2201.532,1756731057,7.83,206,56,32.9,1017.0,66
MOIU00KEN,2025,8,31,12,51,1,2025-08-31T12:51:01.000Z,0.288,35.29,2201.532,1756644661,15.30,95,1,31.9,1008.0,60
MOIU00KEN,2025,8,30,12,51,5,2025-08-30T12:51:05.000Z,0.288,35.29,2201.532,1756558265,5.10,40,6,36.4,1020.1,65
MOIU00KEN,2025,8,29,12,51,9,2025-08-29T12:51:09.000Z,0.288,35.29,2201.532,1756471869,6.29,319,2,34.9,1019.9,66
MOIU00KEN,2025,8,28,12,51,13,2025-08-28T12:51:13.000Z,0.288,35.29,2201.532,1756385473,10.93,174,87,35.0,1018.2,53
MOIU00KEN,2025,8,27,12,51,17,2025-08-27T12:51:17.000Z,0.288,35.29,2201.532,1756299077,8.90,358,54,33.9,1010.9,65
MOIU00KEN,2025,8,26,12,51,21,2025-08-26T12:51:21.000Z,0.288,35.29,2201.532,1756212681,17.70,210,65,29.7,1008.4,66
MOIU00KEN,2025,8,25,12,51,25,2025-08-25T12:51:25.000Z,0.288,35.29,2201.532,1756126285,12.49,242,73,36.5,1014.6,72
MOIU00KEN,2025,8,24,12,51,29,2025-08-24T12:51:29.000Z,0.288,35.29,2201.532,1756039889,14.17,15,22,35.2,1005.8,63
MOIU00KEN,2025,8,23,12,51,33,2025-08-23T12:51:33.000Z,0.288,35.29,2201.532,1755953493,23.46,248,41,32.9,1004.6,66
MOIU00KEN,2025,8,22,12,51,37,2025-08-22T12:51:37.000Z,0.288,35.29,2201.532,1755867097,18.94,300,75,36.6,1021.3,63
MOIU00KEN,2025,8,21,12,51,41,2025-08-21T12:51:41.000Z,0.288,35.29,2201.532,1755780701,19.91,243,66,34.9,1018.8,65
MOIU00KEN,2025,8,20,12,51,45,2025-08-20T12:51:45.000Z,0.288,35.29,2201.532,1755694305,22.50,305,85,33.0,1010.4,72
MONP00USA,2025,9,8,12,51,52,2025-09-08T12:51:52.000Z,32.89,-116.42,1842.55,1757335912,20.77,220,67,7.1,1013.9,61
MONP00USA,2025,9,7,12,51,56,2025-09-07T12:51:56.000Z,32.89,-116.42,1842.55,1757249516,8.26,302,49,11.9,1014.0,53
MONP00USA,2025,9,6,12,52,0,2025-09-06T12:52:00.000Z,32.89,-116.42,1842.55,1757163120,17.69,17,20,9.4,1004.7,62
MONP00USA,2025,9,5,12,52,5,2025-09-05T12:52:05.000Z,32.89,-116.42,1842.55,1757076725,13.84,104,5,8.7,1020.1,67
MONP00USA,2025,9,4,12,52,9,2025-09-04T12:52:09.000Z,32.89,-116.42,1842.55,1756990329,7.21,310,51,12.4,1004.5,66
MONP00USA,2025,9,3,12,52,13,2025-09-03T12:52:13.000Z,32.89,-116.42,1842.55,1756903933,6.43,311,64,10.4,1015.5,46
MONP00USA,2025,9,2,12,52,18,2025-09-02T12:52:18.000Z,32.89,-116.42,1842.55,1756817538,17.77,256,6,6.5,1009.9,74
MONP00USA,2025,9,1,12,52,24,2025-09-01T12:52:24.000Z,32.89,-116.42,1842.55,1756731144,7.21,274,48,9.7,1004.5,72
MONP00USA,2025,8,31,12,52,28,2025-08-31T12:52:28.000Z,32.89,-116.42,1842.55,1756644748,21.73,43,56,17.1,1003.5,64
MONP00USA,2025,8,30,12,52,34,2025-08-30T12:52:34.000Z,32.89,-116.42,1842.55,1756558354,6.60,159,73,17.0,1022.3,62
MONP00USA,2025,8,29,12,52,38,2025-08-29T12:52:38.000Z,32.89,-116.42,1842.55,1756471958,24.39,329,82,10.8,1009.3,71
MONP00USA,2025,8,28,12,52,43,2025-08-28T12:52:43.000Z,32.89,-116.42,1842.55,1756385563,23.30,229,32,16.9,1021.7,67
MONP00USA,2025,8,27,12,52,47,2025-08-27T12:52:47.000Z,32.89,-116.42,1842.55,1756299167,18.28,315,21,12.0,1006.6,45
MONP00USA,2025,8,26,12,52,52,2025-08-26T12:52:52.000Z,32.89,-116.42,1842.55,1756212772,16.85,53,3,14.8,1018.8,55
MONP00USA,2025,8,25,12,52,56,2025-08-25T12:52:56.000Z,32.89,-116.42,1842.55,1756126376,21.17,217,85,10.5,1020.4,45
MONP00USA,2025,8,24,12,53,0,2025-08-24T12:53:00.000Z,32.89,-116.42,1842.55,1756039980,8.29,338,53,11.9,1015.0,57
MONP00USA,2025,8,23,12,53,5,2025-08-23T12:53:05.000Z,32.89,-116.42,1842.55,1755953585,17.06,90,87,17.1,1017.5,60
MONP00USA,2025,8,22,12,53,9,2025-08-22T12:53:09.000Z,32.89,-116.42,1842.55,1755867189,22.62,70,55,11.0,1006.9,56
MONP00USA,2025,8,21,12,53,14,2025-08-21T12:53:14.000Z,32.89,-116.42,1842.55,1755780794,8.40,18,2,10.6,1016.3,64
MONP00USA,2025,8,20,12,53,18,2025-08-20T12:53:18.000Z,32.89,-116.42,1842.55,1755694398,24.53,134,34,15.8,1015.0,47
MORP00GBR,2025,9,8,12,53,25,2025-09-08T12:53:25.000Z,55.213,-1.685,144.5,1757336005,16.53,319,24,0.0,1015.7,64
MORP00GBR,2025,9,7,12,53,29,2025-09-07T12:53:29.000Z,55.213,-1.685,144.5,1757249609,20.62,105,73,-0.2,1012.7,53
MORP00GBR,2025,9,6,12,53,32,2025-09-06T12:53:32.000Z,55.213,-1.685,144.5,1757163212,16.96,141,81,-5.4,1010.2,56
MORP00GBR,2025,9,5,12,53,36,2025-09-05T12:53:36.000Z,55.213,-1.685,144.5,1757076816,13.23,173,50,-3.2,1011.9,56
MORP00GBR,2025,9,4,12,53,40,2025-09-04T12:53:40.000Z,55.213,-1.685,144.5,1756990420,17.41,28,9,0.6,1011.0,49
MORP00GBR,2025,9,3,12,53,45,2025-09-03T12:53:45.000Z,55.213,-1.685,144.5,1756904025,21.50,91,12,0.3,1022.8,50
MORP00GBR,2025,9,2,12,53,49,2025-09-02T12:53:49.000Z,55.213,-1.685,144.5,1756817629,16.38,32,56,-1.5,1022.9,67
MORP00GBR,2025,9,1,12,53,53,2025-09-01T12:53:53.000Z,55.213,-1.685,144.5,1756731233,9.72,236,81,-5.9,1010.0,59
MORP00GBR,2025,8,31,12,53,57,2025-08-31T12:53:57.000Z,55.213,-1.685,144.5,1756644837,6.24,217,58,-1.6,1010.2,58
MORP00GBR,2025,8,30,12,54,1,2025-08-30T12:54:01.000Z,55.213,-1.685,144.5,1756558441,21.03,326,50,2.8,1005.2,45
MORP00GBR,2025,8,29,12,54,5,2025-08-29T12:54:05.000Z,55.213,-1.685,144.5,1756472045,23.46,359,54,-2.9,1017.5,46
MORP00GBR,2025,8,28,12,54,10,2025-08-28T12:54:10.000Z,55.213,-1.685,144.5,1756385650,18.99,93,81,-1.1,1007.7,73
MORP00GBR,2025,8,27,12,54,13,2025-08-27T12:54:13.000Z,55.213,-1.685,144.5,1756299253,12.27,186,23,2.1,1014.2,57
MORP00GBR,2025,8,26,12,54,18,2025-08-26T12:54:18.000Z,55.213,-1.685,144.5,1756212858,23.04,260,31,2.7,1012.4,64
MORP00GBR,2025,8,25,12,54,22,2025-08-25T12:54:22.000Z,55.213,-1.685,144.5,1756126462,15.77,284,76,2.0,1008.5,58
MORP00GBR,2025,8,24,12,54,26,2025-08-24T12:54:26.000Z,55.213,-1.685,144.5,1756040066,19.59,54,75,0.5,1021.7,72
MORP00GBR,2025,8,23,12,54,29,2025-08-23T12:54:29.000Z,55.213,-1.685,144.5,1755953669,20.75,21,47,0.9,1007.4,64
MORP00GBR,2025,8,22,12,54,33,2025-08-22T12:54:33.000Z,55.213,-1.685,144.5,1755867273,18.22,237,83,-3.1,1021.2,48
MORP00GBR,2025,8,21,12,54,37,2025-08-21T12:54:37.000Z,55.213,-1.685,144.5,1755780877,22.52,301,69,-0.3,1013.1,49
MORP00GBR,2025,8,20,12,54,41,2025-08-20T12:54:41.000Z,55.213,-1.685,144.5,1755694481,24.16,355,27,-1.4,1018.9,54
MQZG00NZL,2025,9,8,12,54,47,2025-09-08T12:54:47.000Z,-43.703,172.655,154.68,1757336087,18.45,70,79,5.5,1011.5,47
MQZG00NZL,2025,9,7,12,54,51,2025-09-07T12:54:51.000Z,-43.703,172.655,154.68,1757249691,8.27,61,0,6.0,1014.9,61
MQZG00NZL,2025,9,6,12,54,55,2025-09-06T12:54:55.000Z,-43.703,172.655,154.68,1757163295,13.56,218,28,1.1,1013.7,62
MQZG00NZL,2025,9,5,12,55,0,2025-09-05T12:55:00.000Z,-43.703,172.655,154.68,1757076900,22.15,3,66,3.9,1005.2,47
MQZG00NZL,2025,9,4,12,55,4,2025-09-04T12:55:04.000Z,-43.703,172.655,154.68,1756990504,12.47,157,11,6.2,1016.8,62
MQZG00NZL,2025,9,3,12,55,8,2025-09-03T12:55:08.000Z,-43.703,172.655,154.68,1756904108,7.24,225,78,1.5,1012.3,57
MQZG00NZL,2025,9,2,12,55,12,2025-09-02T12:55:12.000Z,-43.703,172.655,154.68,1756817712,17.11,103,58,7.2,1019.8,56
MQZG00NZL,2025,9,1,12,55,16,2025-09-01T12:55:16.000Z,-43.703,172.655,154.68,1756731316,22.56,242,22,2.4,1009.5,67
MQZG00NZL,2025,8,31,12,55,20,2025-08-31T12:55:20.000Z,-43.703,172.655,154.68,1756644920,14.13,104,32,8.8,1011.5,61
MQZG00NZL,2025,8,30,12,55,24,2025-08-30T12:55:24.000Z,-43.703,172.655,154.68,1756558524,23.97,102,5,8.1,1013.2,62
MQZG00NZL,2025,8,29,12,55,29,2025-08-29T12:55:29.000Z,-43.703,172.655,154.68,1756472129,12.18,268,89,8.0,1018.3,56
MQZG00NZL,2025,8,28,12,55,34,2025-08-28T12:55:34.000Z,-43.703,172.655,154.68,1756385734,24.15,210,80,5.0,1010.8,61
MQZG00NZL,2025,8,27,12,55,38,2025-08-27T12:55:38.000Z,-43.703,172.655,154.68,1756299338,13.86,75,82,3.6,1010.6,60
MQZG00NZL,2025,8,26,12,55,42,2025-08-26T12:55:42.000Z,-43.703,172.655,154.68,1756212942,18.65,152,9,8.3,1005.5,45
MQZG00NZL,2025,8,25,12,55,47,2025-08-25T12:55:47.000Z,-43.703,172.655,154.68,1756126547,21.42,253,4,6.4,1019.1,57
MQZG00NZL,2025,8,24,12,55,53,2025-08-24T12:55:53.000Z,-43.703,172.655,154.68,1756040153,6.37,53,63,8.4,1020.1,63
MQZG00NZL,2025,8,23,12,55,58,2025-08-23T12:55:58.000Z,-43.703,172.655,154.68,1755953758,20.19,186,58,4.1,1004.6,47
MQZG00NZL,2025,8,22,12,56,4,2025-08-22T12:56:04.000Z,-43.703,172.655,154.68,1755867364,19.49,135,51,6.6,1011.7,73
MQZG00NZL,2025,8,21,12,56,9,2025-08-21T12:56:09.000Z,-43.703,172.655,154.68,1755780969,21.11,346,75,6.6,1021.9,65
MQZG00NZL,2025,8,20,12,56,13,2025-08-20T12:56:13.000Z,-43.703,172.655,154.68,1755694573,19.85,23,10,10.6,1003.6,73
MRC100USA,2025,9,8,12,56,20,2025-09-08T12:56:20.000Z,38.499,282.629,27.2,1757336180,13.65,52,41,8.5,1012.7,51
MRC100USA,2025,9,7,12,56,25,2025-09-07T12:56:25.000Z,38.499,282.629,27.2,1757249785,10.91,92,82,10.2,1020.0,63
MRC100USA,2025,9,6,12,56,30,2025-09-06T12:56:30.000Z,38.499,282.629,27.2,1757163390,19.72,122,55,8.0,1003.1,56
MRC100USA,2025,9,5,12,56,35,2025-09-05T12:56:35.000Z,38.499,282.629,27.2,1757076995,12.11,23,24,8.2,1022.5,65
MRC100USA,2025,9,4,12,56,39,2025-09-04T12:56:39.000Z,38.499,282.629,27.2,1756990599,17.67,82,74,10.8,1014.8,57
MRC100USA,2025,9,3,12,56,44,2025-09-03T12:56:44.000Z,38.499,282.629,27.2,1756904204,13.07,17,81,7.5,1017.0,48
MRC100USA,2025,9,2,12,56,49,2025-09-02T12:56:49.000Z,38.499,282.629,27.2,1756817809,7.50,255,37,5.9,1011.6,46
MRC100USA,2025,9,1,12,56,52,2025-09-01T12:56:52.000Z,38.499,282.629,27.2,1756731412,8.75,326,44,9.9,1004.0,47
MRC100USA,2025,8,31,12,56,57,2025-08-31T12:56:57.000Z,38.499,282.629,27.2,1756645017,22.67,238,76,9.8,1023.0,57
MRC100USA,2025,8,30,12,57,1,2025-08-30T12:57:01.000Z,38.499,282.629,27.2,1756558621,13.13,10,68,12.0,1006.9,65
MRC100USA,2025,8,29,12,57,5,2025-08-29T12:57:05.000Z,38.499,282.629,27.2,1756472225,10.00,256,27,12.9,1014.4,61
MRC100USA,2025,8,28,12,57,10,2025-08-28T12:57:10.000Z,38.499,282.629,27.2,1756385830,6.79,202,14,10.7,1019.6,46
MRC100USA,2025,8,27,12,57,15,2025-08-27T12:57:15.000Z,38.499,282.629,27.2,1756299435,18.11,21,52,10.3,1011.0,59
MRC100USA,2025,8,26,12,57,19,2025-08-26T12:57:19.000Z,38.499,282.629,27.2,1756213039,21.75,22,51,8.6,1005.3,52
MRC100USA,2025,8,25,12,57,24,2025-08-25T12:57:24.000Z,38.499,282.629,27.2,1756126644,20.89,343,49,10.4,1014.6,53
MRC100USA,2025,8,24,12,57,31,2025-08-24T12:57:31.000Z,38.499,282.629,27.2,1756040251,23.30,164,4,9.9,1020.0,64
MRC100USA,2025,8,23,12,57,36,2025-08-23T12:57:36.000Z,38.499,282.629,27.2,1755953856,15.91,163,63,13.5,1004.4,55
MRC100USA,2025,8,22,12,57,41,2025-08-22T12:57:41.000Z,38.499,282.629,27.2,1755867461,22.45,354,75,7.7,1011.7,59
MRC100USA,2025,8,21,12,57,46,2025-08-21T12:57:46.000Z,38.499,282.629,27.2,1755781066,10.40,163,48,8.8,1008.6,55
MRC100USA,2025,8,20,12,57,53,2025-08-20T12:57:53.000Z,38.499,282.629,27.2,1755694673,17.16,85,10,9.7,1020.6,47
MRL100NZL,2025,9,8,12,57,59,2025-09-08T12:57:59.000Z,-41.576,173.741,147.2,1757336279,23.77,278,31,5.8,1019.2,70
MRL100NZL,2025,9,7,12,58,4,2025-09-07T12:58:04.000Z,-41.576,173.741,147.2,1757249884,24.67,349,70,3.3,1008.4,66
MRL100NZL,2025,9,6,12,58,8,2025-09-06T12:58:08.000Z,-41.576,173.741,147.2,1757163488,22.70,181,33,8.3,1007.7,60
MRL100NZL,2025,9,5,12,58,12,2025-09-05T12:58:12.000Z,-41.576,173.741,147.2,1757077092,21.04,25,74,8.9,1003.9,70
MRL100NZL,2025,9,4,12,58,16,2025-09-04T12:58:16.000Z,-41.576,173.741,147.2,1756990696,6.43,33,43,7.2,1007.1,52
MRL100NZL,2025,9,3,12,58,20,2025-09-03T12:58:20.000Z,-41.576,173.741,147.2,1756904300,9.86,98,30,5.8,1020.5,45
MRL100NZL,2025,9,2,12,58,24,2025-09-02T12:58:24.000Z,-41.576,173.741,147.2,1756817904,23.36,302,4,7.8,1021.5,64
MRL100NZL,2025,9,1,12,58,28,2025-09-01T12:58:28.000Z,-41.576,173.741,147.2,1756731508,9.04,49,11,3.1,1003.4,48
MRL100NZL,2025,8,31,12,58,33,2025-08-31T12:58:33.000Z,-41.576,173.741,147.2,1756645113,9.78,15,31,8.9,1018.1,71
MRL100NZL,2025,8,30,12,58,37,2025-08-30T12:58:37.000Z,-41.576,173.741,147.2,1756558717,17.28,314,2,10.4,1011.4,52
MRL100NZL,2025,8,29,12,58,41,2025-08-29T12:58:41.000Z,-41.576,173.741,147.2,1756472321,22.08,137,32,12.1,1015.4,52
MRL100NZL,2025,8,28,12,58,44,2025-08-28T12:58:44.000Z,-41.576,173.741,147.2,1756385924,17.62,192,56,7.7,1021.2,52
MRL100NZL,2025,8,27,12,58,48,2025-08-27T12:58:48.000Z,-41.576,173.741,147.2,1756299528,22.57,172,8,9.9,1013.3,59
MRL100NZL,2025,8,26,12,58,52,2025-08-26T12:58:52.000Z,-41.576,173.741,147.2,1756213132,5.98,193,67,7.0,1004.6,49
MRL100NZL,2025,8,25,12,58,57,2025-08-25T12:58:57.000Z,-41.576,173.741,147.2,1756126737,21.80,333,22,12.4,1009.1,54
MRL100NZL,2025,8,24,12,59,1,2025-08-24T12:59:01.000Z,-41.576,173.741,147.2,1756040341,22.68,288,35,5.2,1007.6,68
MRL100NZL,2025,8,23,12,59,5,2025-08-23T12:59:05.000Z,-41.576,173.741,147.2,1755953945,21.95,215,61,7.2,1010.7,58
MRL100NZL,2025,8,22,12,59,9,2025-08-22T12:59:09.000Z,-41.576,173.741,147.2,1755867549,12.30,56,63,7.6,1022.7,64
MRL100NZL,2025,8,21,12,59,13,2025-08-21T12:59:13.000Z,-41.576,173.741,147.2,1755781153,11.39,89,49,9.0,1007.4,57
MRL100NZL,2025,8,20,12,59,18,2025-08-20T12:59:18.000Z,-41.576,173.741,147.2,1755694758,24.04,133,61,11.9,1022.5,65
MRL200NZL,2025,9,8,12,59,24,2025-09-08T12:59:24.000Z,-41.576,173.741,147.2,1757336364,9.03,139,33,4.8,1013.0,47
MRL200NZL,2025,9,7,12,59,28,2025-09-07T12:59:28.000Z,-41.576,173.741,147.2,1757249968,5.92,282,74,3.8,1007.8,52
MRL200NZL,2025,9,6,12,59,33,2025-09-06T12:59:33.000Z,-41.576,173.741,147.2,1757163573,16.47,142,60,4.5,1009.9,51
MRL200NZL,2025,9,5,12,59,37,2025-09-05T12:59:37.000Z,-41.576,173.741,147.2,1757077177,19.34,186,14,6.8,1014.2,59
MRL200NZL,2025,9,4,12,59,41,2025-09-04T12:59:41.000Z,-41.576,173.741,147.2,1756990781,15.91,117,83,4.5,1008.2,72
MRL200NZL,2025,9,3,12,59,46,2025-09-03T12:59:46.000Z,-41.576,173.741,147.2,1756904386,10.03,214,86,4.6,1012.6,46
MRL200NZL,2025,9,2,12,59,50,2025-09-02T12:59:50.000Z,-41.576,173.741,147.2,1756817990,7.95,31,3,7.9,1021.4,62
MRL200NZL,2025,9,1,12,59,53,2025-09-01T12:59:53.000Z,-41.576,173.741,147.2,1756731593,5.44,179,22,5.7,1009.5,46
MRL200NZL,2025,8,31,12,59,58,2025-08-31T12:59:58.000Z,-41.576,173.741,147.2,1756645198,17.22,29,60,10.4,1019.5,70
MRL200NZL,2025,8,30,13,0,2,2025-08-30T13:00:02.000Z,-41.576,173.741,147.2,1756558802,14.01,344,22,6.8,1009.3,56
MRL200NZL,2025,8,29,13,0,7,2025-08-29T13:00:07.000Z,-41.576,173.741,147.2,1756472407,17.17,75,26,12.0,1011.0,49
MRL200NZL,2025,8,28,13,0,11,2025-08-28T13:00:11.000Z,-41.576,173.741,147.2,1756386011,21.34,171,31,5.7,1021.7,63
MRL200NZL,2025,8,27,13,0,15,2025-08-27T13:00:15.000Z,-41.576,173.741,147.2,1756299615,13.30,345,13,8.5,1015.1,49
MRL200NZL,2025,8,26,13,0,19,2025-08-26T13:00:19.000Z,-41.576,173.741,147.2,1756213219,11.37,199,2,12.1,1005.3,45
MRL200NZL,2025,8,25,13,0,23,2025-08-25T13:00:23.000Z,-41.576,173.741,147.2,1756126823,12.73,36,60,10.3,1003.0,60
MRL200NZL,2025,8,24,13,0,27,2025-08-24T13:00:27.000Z,-41.576,173.741,147.2,1756040427,17.75,143,32,11.9,1008.2,58
MRL200NZL,2025,8,23,13,0,31,2025-08-23T13:00:31.000Z,-41.576,173.741,147.2,1755954031,6.88,255,82,5.8,1019.1,60
MRL200NZL,2025,8,22,13,0,34,2025-08-22T13:00:34.000Z,-41.576,173.741,147.2,1755867634,24.62,80,11,6.8,1006.7,53
MRL200NZL,2025,8,21,13,0,38,2025-08-21T13:00:38.000Z,-41.576,173.741,147.2,1755781238,15.41,89,29,8.4,1013.9,59
MRL200NZL,2025,8,20,13,0,43,2025-08-20T13:00:43.000Z,-41.576,173.741,147.2,1755694843,19.62,131,34,10.6,1012.4,55
MRO100AUS,2025,9,8,13,0,49,2025-09-08T13:00:49.000Z,-26.697,116.637,354.1,1757336449,19.09,13,9,16.9,1022.9,69
MRO100AUS,2025,9,7,13,0,53,2025-09-07T13:00:53.000Z,-26.697,116.637,354.1,1757250053,9.47,225,70,10.2,1011.1,54
MRO100AUS,2025,9,6,13,0,58,2025-09-06T13:00:58.000Z,-26.697,116.637,354.1,1757163658,6.75,220,84,14.5,1018.4,69
MRO100AUS,2025,9,5,13,1,2,2025-09-05T13:01:02.000Z,-26.697,116.637,354.1,1757077262,9.12,340,83,10.7,1015.6,64
MRO100AUS,2025,9,4,13,1,11,2025-09-04T13:01:11.000Z,-26.697,116.637,354.1,1756990871,17.61,98,77,17.5,1010.3,45
MRO100AUS,2025,9,3,13,1,15,2025-09-03T13:01:15.000Z,-26.697,116.637,354.1,1756904475,12.66,334,56,11.9,1012.7,68
MRO100AUS,2025,9,2,13,1,20,2025-09-02T13:01:20.000Z,-26.697,116.637,354.1,1756818080,17.87,260,48,14.5,1019.1,55
MRO100AUS,2025,9,1,13,1,24,2025-09-01T13:01:24.000Z,-26.697,116.637,354.1,1756731684,17.34,15,30,13.3,1014.8,50
MRO100AUS,2025,8,31,13,1,29,2025-08-31T13:01:29.000Z,-26.697,116.637,354.1,1756645289,11.45,357,11,15.7,1003.3,52
MRO100AUS,2025,8,30,13,1,33,2025-08-30T13:01:33.000Z,-26.697,116.637,354.1,1756558893,22.38,303,52,21.5,1015.9,66
MRO100AUS,2025,8,29,13,1,38,2025-08-29T13:01:38.000Z,-26.697,116.637,354.1,1756472498,7.36,126,43,19.1,1015.1,55
MRO100AUS,2025,8,28,13,1,43,2025-08-28T13:01:43.000Z,-26.697,116.637,354.1,1756386103,23.36,15,50,16.4,1017.4,67
MRO100AUS,2025,8,27,13,1,48,2025-08-27T13:01:48.000Z,-26.697,116.637,354.1,1756299708,7.45,36,42,14.7,1017.6,60
MRO100AUS,2025,8,26,13,1,52,2025-08-26T13:01:52.000Z,-26.697,116.637,354.1,1756213312,16.41,252,31,20.8,1003.3,61
MRO100AUS,2025,8,25,13,1,56,2025-08-25T13:01:56.000Z,-26.697,116.637,354.1,1756126916,18.22,2,38,15.9,1017.9,53
MRO100AUS,2025,8,24,13,2,0,2025-08-24T13:02:00.000Z,-26.697,116.637,354.1,1756040520,22.04,33,83,14.4,1009.8,59
MRO100AUS,2025,8,23,13,2,5,2025-08-23T13:02:05.000Z,-26.697,116.637,354.1,1755954125,23.86,61,60,20.8,1015.4,45
MRO100AUS,2025,8,22,13,2,9,2025-08-22T13:02:09.000Z,-26.697,116.637,354.1,1755867729,12.36,184,65,20.4,1014.2,51
MRO100AUS,2025,8,21,13,2,13,2025-08-21T13:02:13.000Z,-26.697,116.637,354.1,1755781333,24.42,251,82,15.7,1008.3,47
MRO100AUS,2025,8,20,13,2,18,2025-08-20T13:02:18.000Z,-26.697,116.637,354.1,1755694938,24.90,237,80,15.0,1005.7,72
MSGR00BRA,2025,9,8,13,2,24,2025-09-08T13:02:24.000Z,-20.445,-54.723,532.6,1757336544,14.76,289,62,21.4,1011.5,64
MSGR00BRA,2025,9,7,13,2,28,2025-09-07T13:02:28.000Z,-20.445,-54.723,532.6,1757250148,11.56,4,21,16.3,1019.5,55
MSGR00BRA,2025,9,6,13,2,33,2025-09-06T13:02:33.000Z,-20.445,-54.723,532.6,1757163753,13.71,203,88,16.6,1010.2,65
MSGR00BRA,2025,9,5,13,2,37,2025-09-05T13:02:37.000Z,-20.445,-54.723,532.6,1757077357,10.25,158,42,14.1,1004.5,48
MSGR00BRA,2025,9,4,13,2,41,2025-09-04T13:02:41.000Z,-20.445,-54.723,532.6,1756990961,5.07,76,64,20.6,1017.1,52
MSGR00BRA,2025,9,3,13,2,47,2025-09-03T13:02:47.000Z,-20.445,-54.723,532.6,1756904567,20.76,247,43,21.2,1012.2,65
MSGR00BRA,2025,9,2,13,2,51,2025-09-02T13:02:51.000Z,-20.445,-54.723,532.6,1756818171,7.38,202,13,15.9,1020.8,72
MSGR00BRA,2025,9,1,13,2,56,2025-09-01T13:02:56.000Z,-20.445,-54.723,532.6,1756731776,9.84,271,23,13.9,1013.1,70
MSGR00BRA,2025,8,31,13,3,1,2025-08-31T13:03:01.000Z,-20.445,-54.723,532.6,1756645381,24.46,34,3,18.2,1019.8,67
MSGR00BRA,2025,8,30,13,3,6,2025-08-30T13:03:06.000Z,-20.445,-54.723,532.6,1756558986,15.12,278,37,22.0,1021.2,65
MSGR00BRA,2025,8,29,13,3,10,2025-08-29T13:03:10.000Z,-20.445,-54.723,532.6,1756472590,23.22,347,65,20.7,1015.1,61
MSGR00BRA,2025,8,28,13,3,15,2025-08-28T13:03:15.000Z,-20.445,-54.723,532.6,1756386195,15.11,355,78,21.9,1010.9,49
MSGR00BRA,2025,8,27,13,3,20,2025-08-27T13:03:20.000Z,-20.445,-54.723,532.6,1756299800,15.29,247,5,19.0,1011.9,54
MSGR00BRA,2025,8,26,13,3,26,2025-08-26T13:03:26.000Z,-20.445,-54.723,532.6,1756213406,5.93,112,65,25.0,1013.5,50
MSGR00BRA,2025,8,25,13,3,31,2025-08-25T13:03:31.000Z,-20.445,-54.723,532.6,1756127011,6.53,240,59,17.6,1007.3,48
MSGR00BRA,2025,8,24,13,3,36,2025-08-24T13:03:36.000Z,-20.445,-54.723,532.6,1756040616,11.75,128,53,18.1,1022.9,47
MSGR00BRA,2025,8,23,13,3,41,2025-08-23T13:03:41.000Z,-20.445,-54.723,532.6,1755954221,11.92,307,46,22.9,1022.2,69
MSGR00BRA,2025,8,22,13,3,46,2025-08-22T13:03:46.000Z,-20.445,-54.723,532.6,1755867826,15.59,299,58,17.4,1019.2,69
MSGR00BRA,2025,8,21,13,3,51,2025-08-21T13:03:51.000Z,-20.445,-54.723,532.6,1755781431,22.18,286,61,23.7,1015.7,54
MSGR00BRA,2025,8,20,13,3,56,2025-08-20T13:03:56.000Z,-20.445,-54.723,532.6,1755695036,8.49,7,41,21.7,1003.8,70
MSSA00JPN,2025,9,8,13,4,3,2025-09-08T13:04:03.000Z,36.14,138.352,1626.576,1757336643,12.57,89,27,8.6,1003.9,47
MSSA00JPN,2025,9,7,13,4,8,2025-09-07T13:04:08.000Z,36.14,138.352,1626.576,1757250248,23.68,343,30,11.2,1004.4,48
MSSA00JPN,2025,9,6,13,4,13,2025-09-06T13:04:13.000Z,36.14,138.352,1626.576,1757163853,22.20,14,71,6.4,1017.3,52
MSSA00JPN,2025,9,5,13,4,18,2025-09-05T13:04:18.000Z,36.14,138.352,1626.576,1757077458,14.58,339,88,6.7,1006.0,69
MSSA00JPN,2025,9,4,13,4,22,2025-09-04T13:04:22.000Z,36.14,138.352,1626.576,1756991062,24.84,159,30,6.6,1016.6,50
MSSA00JPN,2025,9,3,13,4,27,2025-09-03T13:04:27.000Z,36.14,138.352,1626.576,1756904667,11.76,171,1,10.0,1005.8,45
MSSA00JPN,2025,9,2,13,4,32,2025-09-02T13:04:32.000Z,36.14,138.352,1626.576,1756818272,12.89,119,78,11.3,1011.7,71
MSSA00JPN,2025,9,1,13,4,36,2025-09-01T13:04:36.000Z,36.14,138.352,1626.576,1756731876,11.39,35,82,8.7,1011.1,64
MSSA00JPN,2025,8,31,13,4,41,2025-08-31T13:04:41.000Z,36.14,138.352,1626.576,1756645481,20.64,332,9,8.2,1012.0,56
MSSA00JPN,2025,8,30,13,4,47,2025-08-30T13:04:47.000Z,36.14,138.352,1626.576,1756559087,20.52,51,89,15.2,1006.6,63
MSSA00JPN,2025,8,29,13,4,52,2025-08-29T13:04:52.000Z,36.14,138.352,1626.576,1756472692,20.10,352,41,9.0,1022.5,72
MSSA00JPN,2025,8,28,13,4,56,2025-08-28T13:04:56.000Z,36.14,138.352,1626.576,1756386296,14.25,329,7,10.6,1011.7,49
MSSA00JPN,2025,8,27,13,5,1,2025-08-27T13:05:01.000Z,36.14,138.352,1626.576,1756299901,14.54,15,64,10.4,1014.6,71
MSSA00JPN,2025,8,26,13,5,6,2025-08-26T13:05:06.000Z,36.14,138.352,1626.576,1756213506,11.55,244,80,9.9,1017.0,54
MSSA00JPN,2025,8,25,13,5,11,2025-08-25T13:05:11.000Z,36.14,138.352,1626.576,1756127111,21.35,278,28,11.4,1005.9,64
MSSA00JPN,2025,8,24,13,5,16,2025-08-24T13:05:16.000Z,36.14,138.352,1626.576,1756040716,9.83,135,56,14.0,1009.0,48
MSSA00JPN,2025,8,23,13,5,20,2025-08-23T13:05:20.000Z,36.14,138.352,1626.576,1755954320,21.58,1,76,12.6,1021.5,59
MSSA00JPN,2025,8,22,13,5,24,2025-08-22T13:05:24.000Z,36.14,138.352,1626.576,1755867924,23.07,249,28,12.4,1021.8,74
MSSA00JPN,2025,8,21,13,5,29,2025-08-21T13:05:29.000Z,36.14,138.352,1626.576,1755781529,5.53,85,32,9.8,1004.5,64
MSSA00JPN,2025,8,20,13,5,34,2025-08-20T13:05:34.000Z,36.14,138.352,1626.576,1755695134,20.94,177,34,11.9,1014.9,59
MTKA00JPN,2025,9,8,13,5,41,2025-09-08T13:05:41.000Z,35.68,139.561,109,1757336741,10.71,112,75,7.1,1010.1,72
MTKA00JPN,2025,9,7,13,5,46,2025-09-07T13:05:46.000Z,35.68,139.561,109,1757250346,6.83,16,36,6.0,1003.7,55
MTKA00JPN,2025,9,6,13,5,51,2025-09-06T13:05:51.000Z,35.68,139.561,109,1757163951,6.16,345,42,9.0,1019.6,53
MTKA00JPN,2025,9,5,13,5,55,2025-09-05T13:05:55.000Z,35.68,139.561,109,1757077555,17.48,229,7,12.3,1007.3,49
MTKA00JPN,2025,9,4,13,6,0,2025-09-04T13:06:00.000Z,35.68,139.561,109,1756991160,15.17,101,49,5.4,1013.0,69
MTKA00JPN,2025,9,3,13,6,4,2025-09-03T13:06:04.000Z,35.68,139.561,109,1756904764,19.15,32,67,11.3,1013.9,45
MTKA00JPN,2025,9,2,13,6,10,2025-09-02T13:06:10.000Z,35.68,139.561,109,1756818370,17.05,339,70,10.8,1016.9,46
MTKA00JPN,2025,9,1,13,6,15,2025-09-01T13:06:15.000Z,35.68,139.561,109,1756731975,7.73,24,9,11.0,1022.6,71
MTKA00JPN,2025,8,31,13,6,20,2025-08-31T13:06:20.000Z,35.68,139.561,109,1756645580,13.60,19,27,14.0,1006.5,66
MTKA00JPN,2025,8,30,13,6,25,2025-08-30T13:06:25.000Z,35.68,139.561,109,1756559185,9.38,178,36,15.6,1006.6,47
MTKA00JPN,2025,8,29,13,6,30,2025-08-29T13:06:30.000Z,35.68,139.561,109,1756472790,10.98,58,34,10.1,1006.8,60
MTKA00JPN,2025,8,28,13,6,34,2025-08-28T13:06:34.000Z,35.68,139.561,109,1756386394,14.89,300,59,14.3,1020.1,45
MTKA00JPN,2025,8,27,13,6,38,2025-08-27T13:06:38.000Z,35.68,139.561,109,1756299998,9.69,170,68,11.9,1018.4,65
MTKA00JPN,2025,8,26,13,6,42,2025-08-26T13:06:42.000Z,35.68,139.561,109,1756213602,11.52,21,72,9.6,1017.0,45
MTKA00JPN,2025,8,25,13,6,47,2025-08-25T13:06:47.000Z,35.68,139.561,109,1756127207,11.30,54,0,10.8,1017.8,61
MTKA00JPN,2025,8,24,13,6,51,2025-08-24T13:06:51.000Z,35.68,139.561,109,1756040811,20.06,158,31,14.0,1022.1,55
MTKA00JPN,2025,8,23,13,6,56,2025-08-23T13:06:56.000Z,35.68,139.561,109,1755954416,20.27,218,41,14.1,1011.3,45
MTKA00JPN,2025,8,22,13,7,1,2025-08-22T13:07:01.000Z,35.68,139.561,109,1755868021,21.49,184,89,10.8,1011.2,68
MTKA00JPN,2025,8,21,13,7,5,2025-08-21T13:07:05.000Z,35.68,139.561,109,1755781625,8.77,245,19,14.2,1005.1,47
MTKA00JPN,2025,8,20,13,7,10,2025-08-20T13:07:10.000Z,35.68,139.561,109,1755695230,15.47,340,83,10.2,1012.2,74
MTV100URY,2025,9,8,13,7,17,2025-09-08T13:07:17.000Z,-34.914,-56.176,40.7,1757336837,10.45,331,45,9.4,1009.0,56
MTV100URY,2025,9,7,13,7,21,2025-09-07T13:07:21.000Z,-34.914,-56.176,40.7,1757250441,19.60,148,75,12.1,1016.3,58
MTV100URY,2025,9,6,13,7,26,2025-09-06T13:07:26.000Z,-34.914,-56.176,40.7,1757164046,14.88,107,58,10.3,1004.8,61
MTV100URY,2025,9,5,13,7,30,2025-09-05T13:07:30.000Z,-34.914,-56.176,40.7,1757077650,21.65,157,12,5.1,1012.6,51
MTV100URY,2025,9,4,13,7,34,2025-09-04T13:07:34.000Z,-34.914,-56.176,40.7,1756991254,22.46,39,87,9.0,1018.7,55
MTV100URY,2025,9,3,13,7,37,2025-09-03T13:07:37.000Z,-34.914,-56.176,40.7,1756904857,18.89,53,81,11.8,1006.0,53
MTV100URY,2025,9,2,13,7,41,2025-09-02T13:07:41.000Z,-34.914,-56.176,40.7,1756818461,13.56,196,57,9.4,1008.4,53
MTV100URY,2025,9,1,13,7,45,2025-09-01T13:07:45.000Z,-34.914,-56.176,40.7,1756732065,21.43,323,12,10.8,1003.6,61
MTV100URY,2025,8,31,13,7,49,2025-08-31T13:07:49.000Z,-34.914,-56.176,40.7,1756645669,12.55,231,72,11.3,1007.9,45
MTV100URY,2025,8,30,13,7,53,2025-08-30T13:07:53.000Z,-34.914,-56.176,40.7,1756559273,22.73,239,14,11.6,1020.8,62
MTV100URY,2025,8,29,13,7,57,2025-08-29T13:07:57.000Z,-34.914,-56.176,40.7,1756472877,18.92,252,69,13.9,1013.0,68
MTV100URY,2025,8,28,13,8,1,2025-08-28T13:08:01.000Z,-34.914,-56.176,40.7,1756386481,15.30,241,20,13.1,1015.4,73
MTV100URY,2025,8,27,13,8,5,2025-08-27T13:08:05.000Z,-34.914,-56.176,40.7,1756300085,5.90,60,51,14.9,1004.6,58
MTV100URY,2025,8,26,13,8,9,2025-08-26T13:08:09.000Z,-34.914,-56.176,40.7,1756213689,16.45,33,56,13.9,1020.2,66
MTV100URY,2025,8,25,13,8,13,2025-08-25T13:08:13.000Z,-34.914,-56.176,40.7,1756127293,5.18,163,69,8.9,1003.7,71
MTV100URY,2025,8,24,13,8,17,2025-08-24T13:08:17.000Z,-34.914,-56.176,40.7,1756040897,21.28,342,3,12.3,1018.0,49
MTV100URY,2025,8,23,13,8,21,2025-08-23T13:08:21.000Z,-34.914,-56.176,40.7,1755954501,13.51,202,88,15.9,1011.7,59
MTV100URY,2025,8,22,13,8,25,2025-08-22T13:08:25.000Z,-34.914,-56.176,40.7,1755868105,21.77,222,43,15.8,1017.4,58
MTV100URY,2025,8,21,13,8,29,2025-08-21T13:08:29.000Z,-34.914,-56.176,40.7,1755781709,11.44,231,26,15.0,1019.1,58
MTV100URY,2025,8,20,13,8,33,2025-08-20T13:08:33.000Z,-34.914,-56.176,40.7,1755695313,23.61,104,71,15.4,1017.9,50
MTV200URY,2025,9,8,13,8,39,2025-09-08T13:08:39.000Z,-34.914,-56.176,40.7,1757336919,20.96,340,53,6.6,1020.3,65
MTV200URY,2025,9,7,13,8,43,2025-09-07T13:08:43.000Z,-34.914,-56.176,40.7,1757250523,21.65,65,75,12.3,1016.2,53
MTV200URY,2025,9,6,13,8,47,2025-09-06T13:08:47.000Z,-34.914,-56.176,40.7,1757164127,11.69,167,39,8.4,1006.6,69
MTV200URY,2025,9,5,13,8,51,2025-09-05T13:08:51.000Z,-34.914,-56.176,40.7,1757077731,17.85,78,69,5.3,1016.1,65
MTV200URY,2025,9,4,13,8,54,2025-09-04T13:08:54.000Z,-34.914,-56.176,40.7,1756991334,5.17,348,88,6.3,1003.8,70
MTV200URY,2025,9,3,13,8,58,2025-09-03T13:08:58.000Z,-34.914,-56.176,40.7,1756904938,21.43,14,33,6.3,1019.5,55
MTV200URY,2025,9,2,13,9,3,2025-09-02T13:09:03.000Z,-34.914,-56.176,40.7,1756818543,15.51,98,60,12.3,1023.0,50
MTV200URY,2025,9,1,13,9,7,2025-09-01T13:09:07.000Z,-34.914,-56.176,40.7,1756732147,10.98,195,3,11.7,1018.3,58
MTV200URY,2025,8,31,13,9,10,2025-08-31T13:09:10.000Z,-34.914,-56.176,40.7,1756645750,12.67,256,73,13.6,1005.6,68
MTV200URY,2025,8,30,13,9,14,2025-08-30T13:09:14.000Z,-34.914,-56.176,40.7,1756559354,8.45,159,77,9.8,1021.4,47
MTV200URY,2025,8,29,13,9,18,2025-08-29T13:09:18.000Z,-34.914,-56.176,40.7,1756472958,10.51,248,57,9.6,1004.2,68
MTV200URY,2025,8,28,13,9,22,2025-08-28T13:09:22.000Z,-34.914,-56.176,40.7,1756386562,22.64,152,33,14.4,1022.2,45
MTV200URY,2025,8,27,13,9,26,2025-08-27T13:09:26.000Z,-34.914,-56.176,40.7,1756300166,15.35,24,26,13.2,1013.9,54
MTV200URY,2025,8,26,13,9,31,2025-08-26T13:09:31.000Z,-34.914,-56.176,40.7,1756213771,7.18,43,44,14.8,1010.0,45
MTV200URY,2025,8,25,13,9,35,2025-08-25T13:09:35.000Z,-34.914,-56.176,40.7,1756127375,5.05,167,72,10.0,1013.1,74
MTV200URY,2025,8,24,13,9,39,2025-08-24T13:09:39.000Z,-34.914,-56.176,40.7,1756040979,10.57,79,7,11.0,1009.7,52
MTV200URY,2025,8,23,13,9,44,2025-08-23T13:09:44.000Z,-34.914,-56.176,40.7,1755954584,17.46,326,8,9.6,1012.5,69
MTV200URY,2025,8,22,13,9,48,2025-08-22T13:09:48.000Z,-34.914,-56.176,40.7,1755868188,13.29,25,5,9.4,1009.6,73
MTV200URY,2025,8,21,13,9,52,2025-08-21T13:09:52.000Z,-34.914,-56.176,40.7,1755781792,24.84,37,29,11.9,1005.4,50
MTV200URY,2025,8,20,13,9,56,2025-08-20T13:09:56.000Z,-34.914,-56.176,40.7,1755695396,24.09,344,6,10.6,1017.3,74
NABG00NOR,2025,9,8,13,10,2,2025-09-08T13:10:02.000Z,78.943,11.857,42.9,1757337002,5.57,349,79,-18.9,1015.3,46
NABG00NOR,2025,9,7,13,10,6,2025-09-07T13:10:06.000Z,78.943,11.857,42.9,1757250606,19.60,102,45,-16.5,1015.6,53
NABG00NOR,2025,9,6,13,10,10,2025-09-06T13:10:10.000Z,78.943,11.857,42.9,1757164210,23.12,92,22,-19.7,1016.9,59
NABG00NOR,2025,9,5,13,10,15,2025-09-05T13:10:15.000Z,78.943,11.857,42.9,1757077815,23.41,197,61,-16.0,1021.7,67
NABG00NOR,2025,9,4,13,10,19,2025-09-04T13:10:19.000Z,78.943,11.857,42.9,1756991419,18.60,146,56,-19.2,1016.0,71
NABG00NOR,2025,9,3,13,10,23,2025-09-03T13:10:23.000Z,78.943,11.857,42.9,1756905023,10.48,157,72,-16.4,1019.3,65
NABG00NOR,2025,9,2,13,10,27,2025-09-02T13:10:27.000Z,78.943,11.857,42.9,1756818627,17.81,165,27,-17.7,1022.4,63
NABG00NOR,2025,9,1,13,10,31,2025-09-01T13:10:31.000Z,78.943,11.857,42.9,1756732231,20.02,228,80,-19.0,1008.9,61
NABG00NOR,2025,8,31,13,10,35,2025-08-31T13:10:35.000Z,78.943,11.857,42.9,1756645835,10.64,201,49,-11.7,1020.5,56
NABG00NOR,2025,8,30,13,10,41,2025-08-30T13:10:41.000Z,78.943,11.857,42.9,1756559441,10.10,64,66,-17.5,1004.5,46
NABG00NOR,2025,8,29,13,10,45,2025-08-29T13:10:45.000Z,78.943,11.857,42.9,1756473045,20.02,38,57,-15.6,1010.2,61
NABG00NOR,2025,8,28,13,10,50,2025-08-28T13:10:50.000Z,78.943,11.857,42.9,1756386650,22.26,355,62,-12.8,1017.4,45
NABG00NOR,2025,8,27,13,10,54,2025-08-27T13:10:54.000Z,78.943,11.857,42.9,1756300254,10.11,131,88,-11.5,1020.5,55
NABG00NOR,2025,8,26,13,10,58,2025-08-26T13:10:58.000Z,78.943,11.857,42.9,1756213858,16.69,347,7,-12.6,1014.6,66
NABG00NOR,2025,8,25,13,11,2,2025-08-25T13:11:02.000Z,78.943,11.857,42.9,1756127462,8.79,151,2,-14.5,1004.4,63
NABG00NOR,2025,8,24,13,11,7,2025-08-24T13:11:07.000Z,78.943,11.857,42.9,1756041067,5.24,269,76,-16.8,1015.1,49
NABG00NOR,2025,8,23,13,11,11,2025-08-23T13:11:11.000Z,78.943,11.857,42.9,1755954671,10.13,98,47,-12.5,1018.7,69
NABG00NOR,2025,8,22,13,11,15,2025-08-22T13:11:15.000Z,78.943,11.857,42.9,1755868275,23.97,138,86,-16.2,1010.9,70
NABG00NOR,2025,8,21,13,11,19,2025-08-21T13:11:19.000Z,78.943,11.857,42.9,1755781879,14.35,139,66,-16.1,1003.8,53
NABG00NOR,2025,8,20,13,11,23,2025-08-20T13:11:23.000Z,78.943,11.857,42.9,1755695483,7.74,236,12,-10.0,1014.9,68
NAIN00CAN,2025,9,8,13,11,30,2025-09-08T13:11:30.000Z,56.537,-61.689,33.48,1757337090,24.83,134,77,-0.6,1013.1,57
NAIN00CAN,2025,9,7,13,11,34,2025-09-07T13:11:34.000Z,56.537,-61.689,33.48,1757250694,10.77,227,66,-7.1,1003.4,70
NAIN00CAN,2025,9,6,13,11,38,2025-09-06T13:11:38.000Z,56.537,-61.689,33.48,1757164298,12.87,134,70,-1.1,1011.1,49
NAIN00CAN,2025,9,5,13,11,43,2025-09-05T13:11:43.000Z,56.537,-61.689,33.48,1757077903,15.77,331,10,-1.4,1022.4,59
NAIN00CAN,2025,9,4,13,11,46,2025-09-04T13:11:46.000Z,56.537,-61.689,33.48,1756991506,10.04,342,25,-4.9,1018.3,72
NAIN00CAN,2025,9,3,13,11,51,2025-09-03T13:11:51.000Z,56.537,-61.689,33.48,1756905111,7.18,168,20,-7.0,1010.2,67
NAIN00CAN,2025,9,2,13,11,55,2025-09-02T13:11:55.000Z,56.537,-61.689,33.48,1756818715,14.47,96,7,-0.8,1020.3,56
NAIN00CAN,2025,9,1,13,11,59,2025-09-01T13:11:59.000Z,56.537,-61.689,33.48,1756732319,19.85,197,70,-0.8,1008.7,52
NAIN00CAN,2025,8,31,13,12,5,2025-08-31T13:12:05.000Z,56.537,-61.689,33.48,1756645925,21.62,351,25,0.3,1013.2,51
NAIN00CAN,2025,8,30,13,12,10,2025-08-30T13:12:10.000Z,56.537,-61.689,33.48,1756559530,14.32,37,52,-3.0,1010.0,71
NAIN00CAN,2025,8,29,13,12,14,2025-08-29T13:12:14.000Z,56.537,-61.689,33.48,1756473134,6.06,44,15,-3.4,1017.9,60
NAIN00CAN,2025,8,28,13,12,18,2025-08-28T13:12:18.000Z,56.537,-61.689,33.48,1756386738,7.96,128,26,-0.3,1017.7,49
NAIN00CAN,2025,8,27,13,12,23,2025-08-27T13:12:23.000Z,56.537,-61.689,33.48,1756300343,6.22,42,52,2.6,1005.7,49
NAIN00CAN,2025,8,26,13,12,27,2025-08-26T13:12:27.000Z,56.537,-61.689,33.48,1756213947,14.96,192,60,-2.4,1004.0,59
NAIN00CAN,2025,8,25,13,12,31,2025-08-25T13:12:31.000Z,56.537,-61.689,33.48,1756127551,8.90,282,65,2.9,1004.0,71
NAIN00CAN,2025,8,24,13,12,35,2025-08-24T13:12:35.000Z,56.537,-61.689,33.48,1756041155,17.73,159,9,-1.3,1009.1,66
NAIN00CAN,2025,8,23,13,12,39,2025-08-23T13:12:39.000Z,56.537,-61.689,33.48,1755954759,12.80,23,29,2.8,1015.9,52
NAIN00CAN,2025,8,22,13,12,43,2025-08-22T13:12:43.000Z,56.537,-61.689,33.48,1755868363,15.52,304,50,-2.5,1005.0,71
NAIN00CAN,2025,8,21,13,12,49,2025-08-21T13:12:49.000Z,56.537,-61.689,33.48,1755781969,9.96,341,28,-2.7,1008.8,47
NAIN00CAN,2025,8,20,13,12,53,2025-08-20T13:12:53.000Z,56.537,-61.689,33.48,1755695573,15.47,132,63,-2.2,1012.6,69
NANO00CAN,2025,9,8,13,12,59,2025-09-08T13:12:59.000Z,49.295,-124.086,6,1757337179,8.85,3,33,1.2,1005.5,63
NANO00CAN,2025,9,7,13,13,4,2025-09-07T13:13:04.000Z,49.295,-124.086,6,1757250784,6.04,43,88,2.5,1008.6,57
NANO00CAN,2025,9,6,13,13,8,2025-09-06T13:13:08.000Z,49.295,-124.086,6,1757164388,10.87,142,56,2.9,1008.9,47
NANO00CAN,2025,9,5,13,13,12,2025-09-05T13:13:12.000Z,49.295,-124.086,6,1757077992,6.13,234,13,1.0,1004.5,72
NANO00CAN,2025,9,4,13,13,19,2025-09-04T13:13:19.000Z,49.295,-124.086,6,1756991599,22.10,8,36,2.9,1008.7,51
NANO00CAN,2025,9,3,13,13,23,2025-09-03T13:13:23.000Z,49.295,-124.086,6,1756905203,22.19,221,62,1.4,1011.5,73
NANO00CAN,2025,9,2,13,13,28,2025-09-02T13:13:28.000Z,49.295,-124.086,6,1756818808,22.76,262,79,2.8,1016.5,53
NANO00CAN,2025,9,1,13,13,32,2025-09-01T13:13:32.000Z,49.295,-124.086,6,1756732412,8.15,142,37,3.8,1007.9,61
NANO00CAN,2025,8,31,13,13,37,2025-08-31T13:13:37.000Z,49.295,-124.086,6,1756646017,17.22,206,3,1.1,1014.7,68
NANO00CAN,2025,8,30,13,13,41,2025-08-30T13:13:41.000Z,49.295,-124.086,6,1756559621,6.73,111,10,3.8,1005.7,58
NANO00CAN,2025,8,29,13,13,47,2025-08-29T13:13:47.000Z,49.295,-124.086,6,1756473227,10.58,297,89,6.5,1021.1,61
NANO00CAN,2025,8,28,13,13,51,2025-08-28T13:13:51.000Z,49.295,-124.086,6,1756386831,9.97,327,13,2.3,1021.1,53
NANO00CAN,2025,8,27,13,13,56,2025-08-27T13:13:56.000Z,49.295,-124.086,6,1756300436,13.06,225,21,2.6,1022.2,59
NANO00CAN,2025,8,26,13,14,0,2025-08-26T13:14:00.000Z,49.295,-124.086,6,1756214040,18.63,274,16,3.9,1018.2,69
NANO00CAN,2025,8,25,13,14,4,2025-08-25T13:14:04.000Z,49.295,-124.086,6,1756127644,10.92,2,45,3.9,1004.6,49
NANO00CAN,2025,8,24,13,14,8,2025-08-24T13:14:08.000Z,49.295,-124.086,6,1756041248,5.95,34,36,1.6,1019.0,47
NANO00CAN,2025,8,23,13,14,13,2025-08-23T13:14:13.000Z,49.295,-124.086,6,1755954853,20.63,214,82,5.9,1013.6,63
NANO00CAN,2025,8,22,13,14,17,2025-08-22T13:14:17.000Z,49.295,-124.086,6,1755868457,14.42,13,63,5.4,1003.2,57
NANO00CAN,2025,8,21,13,14,22,2025-08-21T13:14:22.000Z,49.295,-124.086,6,1755782062,11.19,248,88,2.0,1003.3,49
NANO00CAN,2025,8,20,13,14,25,2025-08-20T13:14:25.000Z,49.295,-124.086,6,1755695665,18.74,24,0,5.0,1015.9,64
NAUR00NRU,2025,9,8,13,14,32,2025-09-08T13:14:32.000Z,-0.552,166.926,46.3,1757337272,7.70,80,35,26.4,1020.5,55
NAUR00NRU,2025,9,7,13,14,36,2025-09-07T13:14:36.000Z,-0.552,166.926,46.3,1757250876,21.49,193,6,32.1,1008.1,63
NAUR00NRU,2025,9,6,13,14,41,2025-09-06T13:14:41.000Z,-0.552,166.926,46.3,1757164481,10.62,298,27,33.4,1005.0,68
NAUR00NRU,2025,9,5,13,14,45,2025-09-05T13:14:45.000Z,-0.552,166.926,46.3,1757078085,23.76,72,34,29.7,1008.9,63
NAUR00NRU,2025,9,4,13,14,50,2025-09-04T13:14:50.000Z,-0.552,166.926,46.3,1756991690,21.78,294,11,29.3,1014.6,56
NAUR00NRU,2025,9,3,13,14,54,2025-09-03T13:14:54.000Z,-0.552,166.926,46.3,1756905294,6.35,50,68,30.7,1015.6,49
NAUR00NRU,2025,9,2,13,14,58,2025-09-02T13:14:58.000Z,-0.552,166.926,46.3,1756818898,22.18,301,51,28.6,1014.7,50
NAUR00NRU,2025,9,1,13,15,3,2025-09-01T13:15:03.000Z,-0.552,166.926,46.3,1756732503,11.07,240,72,28.8,1006.2,58
NAUR00NRU,2025,8,31,13,15,7,2025-08-31T13:15:07.000Z,-0.552,166.926,46.3,1756646107,13.70,157,4,34.5,1006.0,62
NAUR00NRU,2025,8,30,13,15,12,2025-08-30T13:15:12.000Z,-0.552,166.926,46.3,1756559712,20.65,283,70,34.0,1003.7,47
NAUR00NRU,2025,8,29,13,15,16,2025-08-29T13:15:16.000Z,-0.552,166.926,46.3,1756473316,21.60,6,13,36.2,1019.3,66
NAUR00NRU,2025,8,28,13,15,20,2025-08-28T13:15:20.000Z,-0.552,166.926,46.3,1756386920,22.35,148,72,34.0,1019.0,70
NAUR00NRU,2025,8,27,13,15,24,2025-08-27T13:15:24.000Z,-0.552,166.926,46.3,1756300524,12.66,87,11,34.1,1008.0,72
NAUR00NRU,2025,8,26,13,15,28,2025-08-26T13:15:28.000Z,-0.552,166.926,46.3,1756214128,8.09,303,67,36.6,1005.5,72
NAUR00NRU,2025,8,25,13,15,32,2025-08-25T13:15:32.000Z,-0.552,166.926,46.3,1756127732,9.26,238,20,36.3,1022.5,68
NAUR00NRU,2025,8,24,13,15,36,2025-08-24T13:15:36.000Z,-0.552,166.926,46.3,1756041336,22.70,1,28,31.4,1015.1,51
NAUR00NRU,2025,8,23,13,15,42,2025-08-23T13:15:42.000Z,-0.552,166.926,46.3,1755954942,6.09,48,11,32.9,1022.2,53
NAUR00NRU,2025,8,22,13,15,46,2025-08-22T13:15:46.000Z,-0.552,166.926,46.3,1755868546,22.07,219,72,34.3,1014.9,65
NAUR00NRU,2025,8,21,13,15,52,2025-08-21T13:15:52.000Z,-0.552,166.926,46.3,1755782152,17.26,277,1,33.7,1007.8,54
NAUR00NRU,2025,8,20,13,15,57,2025-08-20T13:15:57.000Z,-0.552,166.926,46.3,1755695757,12.23,295,3,30.0,1021.7,62
NAUS00BRA,2025,9,8,13,16,3,2025-09-08T13:16:03.000Z,-3.023,-60.055,93.8,1757337363,10.50,223,72,29.3,1003.3,59
NAUS00BRA,2025,9,7,13,16,9,2025-09-07T13:16:09.000Z,-3.023,-60.055,93.8,1757250969,13.58,26,45,24.3,1018.7,69
NAUS00BRA,2025,9,6,13,16,13,2025-09-06T13:16:13.000Z,-3.023,-60.055,93.8,1757164573,5.78,148,34,29.6,1011.1,69
NAUS00BRA,2025,9,5,13,16,18,2025-09-05T13:16:18.000Z,-3.023,-60.055,93.8,1757078178,6.21,1,9,28.2,1011.4,48
NAUS00BRA,2025,9,4,13,16,22,2025-09-04T13:16:22.000Z,-3.023,-60.055,93.8,1756991782,6.39,287,14,32.1,1011.9,54
NAUS00BRA,2025,9,3,13,16,26,2025-09-03T13:16:26.000Z,-3.023,-60.055,93.8,1756905386,17.01,269,79,30.4,1019.6,71
NAUS00BRA,2025,9,2,13,16,30,2025-09-02T13:16:30.000Z,-3.023,-60.055,93.8,1756818990,20.73,21,59,30.6,1008.1,61
NAUS00BRA,2025,9,1,13,16,35,2025-09-01T13:16:35.000Z,-3.023,-60.055,93.8,1756732595,23.38,48,5,24.7,1007.0,65
NAUS00BRA,2025,8,31,13,16,39,2025-08-31T13:16:39.000Z,-3.023,-60.055,93.8,1756646199,5.81,241,73,30.7,1006.2,71
NAUS00BRA,2025,8,30,13,16,45,2025-08-30T13:16:45.000Z,-3.023,-60.055,93.8,1756559805,19.41,5,69,34.8,1013.7,55
NAUS00BRA,2025,8,29,13,16,49,2025-08-29T13:16:49.000Z,-3.023,-60.055,93.8,1756473409,8.97,94,34,28.1,1019.2,50
NAUS00BRA,2025,8,28,13,16,54,2025-08-28T13:16:54.000Z,-3.023,-60.055,93.8,1756387014,11.45,27,37,29.3,1012.9,69
NAUS00BRA,2025,8,27,13,16,57,2025-08-27T13:16:57.000Z,-3.023,-60.055,93.8,1756300617,23.05,84,85,30.4,1012.2,74
NAUS00BRA,2025,8,26,13,17,2,2025-08-26T13:17:02.000Z,-3.023,-60.055,93.8,1756214222,12.68,187,63,31.9,1019.5,70
NAUS00BRA,2025,8,25,13,17,6,2025-08-25T13:17:06.000Z,-3.023,-60.055,93.8,1756127826,6.92,199,45,32.0,1014.7,71
NAUS00BRA,2025,8,24,13,17,11,2025-08-24T13:17:11.000Z,-3.023,-60.055,93.8,1756041431,23.88,133,16,32.2,1021.0,45
NAUS00BRA,2025,8,23,13,17,17,2025-08-23T13:17:17.000Z,-3.023,-60.055,93.8,1755955037,8.07,74,80,32.9,1012.4,64
NAUS00BRA,2025,8,22,13,17,24,2025-08-22T13:17:24.000Z,-3.023,-60.055,93.8,1755868644,13.29,304,86,31.9,1014.8,51
NAUS00BRA,2025,8,21,13,17,28,2025-08-21T13:17:28.000Z,-3.023,-60.055,93.8,1755782248,11.02,302,60,29.1,1010.4,72
NAUS00BRA,2025,8,20,13,17,34,2025-08-20T13:17:34.000Z,-3.023,-60.055,93.8,1755695854,8.78,63,51,32.8,1011.0,65
NCKU00TWN,2025,9,8,13,17,41,2025-09-08T13:17:41.000Z,22.997,120.223,98.217,1757337461,8.07,49,50,19.4,1013.2,47
NCKU00TWN,2025,9,7,13,17,45,2025-09-07T13:17:45.000Z,22.997,120.223,98.217,1757251065,14.01,20,27,16.5,1005.7,46
NCKU00TWN,2025,9,6,13,17,49,2025-09-06T13:17:49.000Z,22.997,120.223,98.217,1757164669,21.86,7,79,17.2,1022.3,48
NCKU00TWN,2025,9,5,13,17,53,2025-09-05T13:17:53.000Z,22.997,120.223,98.217,1757078273,15.67,191,7,15.5,1004.6,68
NCKU00TWN,2025,9,4,13,17,57,2025-09-04T13:17:57.000Z,22.997,120.223,98.217,1756991877,15.66,56,77,14.1,1011.9,68
NCKU00TWN,2025,9,3,13,18,1,2025-09-03T13:18:01.000Z,22.997,120.223,98.217,1756905481,8.41,278,19,13.1,1014.2,65
NCKU00TWN,2025,9,2,13,18,5,2025-09-02T13:18:05.000Z,22.997,120.223,98.217,1756819085,23.14,44,0,16.3,1016.1,56
NCKU00TWN,2025,9,1,13,18,10,2025-09-01T13:18:10.000Z,22.997,120.223,98.217,1756732690,12.16,189,15,14.4,1017.6,70
NCKU00TWN,2025,8,31,13,18,16,2025-08-31T13:18:16.000Z,22.997,120.223,98.217,1756646296,22.69,104,64,22.2,1007.2,73
NCKU00TWN,2025,8,30,13,18,22,2025-08-30T13:18:22.000Z,22.997,120.223,98.217,1756559902,16.73,127,23,18.4,1013.0,73
NCKU00TWN,2025,8,29,13,18,26,2025-08-29T13:18:26.000Z,22.997,120.223,98.217,1756473506,11.09,330,9,23.1,1007.3,69
NCKU00TWN,2025,8,28,13,18,31,2025-08-28T13:18:31.000Z,22.997,120.223,98.217,1756387111,7.88,71,32,17.3,1009.5,61
NCKU00TWN,2025,8,27,13,18,35,2025-08-27T13:18:35.000Z,22.997,120.223,98.217,1756300715,6.56,145,2,17.8,1014.3,62
NCKU00TWN,2025,8,26,13,18,41,2025-08-26T13:18:41.000Z,22.997,120.223,98.217,1756214321,8.30,186,54,18.4,1018.8,67
NCKU00TWN,2025,8,25,13,18,45,2025-08-25T13:18:45.000Z,22.997,120.223,98.217,1756127925,17.51,222,22,18.4,1008.4,54
NCKU00TWN,2025,8,24,13,18,49,2025-08-24T13:18:49.000Z,22.997,120.223,98.217,1756041529,18.45,160,49,16.1,1010.2,65
NCKU00TWN,2025,8,23,13,18,53,2025-08-23T13:18:53.000Z,22.997,120.223,98.217,1755955133,9.43,101,52,19.0,1019.4,67
NCKU00TWN,2025,8,22,13,18,57,2025-08-22T13:18:57.000Z,22.997,120.223,98.217,1755868737,15.43,258,74,15.9,1012.2,66
NCKU00TWN,2025,8,21,13,19,2,2025-08-21T13:19:02.000Z,22.997,120.223,98.217,1755782342,6.84,38,46,18.1,1010.3,54
NCKU00TWN,2025,8,20,13,19,6,2025-08-20T13:19:06.000Z,22.997,120.223,98.217,1755695946,14.72,351,83,17.7,1020.0,74
NICO00CYP,2025,9,8,13,19,14,2025-09-08T13:19:14.000Z,35.141,33.396,190.1,1757337554,6.17,14,2,10.9,1013.7,62
NICO00CYP,2025,9,7,13,19,19,2025-09-07T13:19:19.000Z,35.141,33.396,190.1,1757251159,22.94,117,89,11.1,1014.9,68
NICO00CYP,2025,9,6,13,19,23,2025-09-06T13:19:23.000Z,35.141,33.396,190.1,1757164763,17.39,289,21,12.2,1009.9,69
NICO00CYP,2025,9,5,13,19,28,2025-09-05T13:19:28.000Z,35.141,33.396,190.1,1757078368,15.14,139,81,8.0,1003.3,73
NICO00CYP,2025,9,4,13,19,33,2025-09-04T13:19:33.000Z,35.141,33.396,190.1,1756991973,19.06,118,54,6.7,1017.8,56
NICO00CYP,2025,9,3,13,19,36,2025-09-03T13:19:36.000Z,35.141,33.396,190.1,1756905576,14.35,160,81,5.1,1005.8,52
NICO00CYP,2025,9,2,13,19,40,2025-09-02T13:19:40.000Z,35.141,33.396,190.1,1756819180,18.03,347,65,12.7,1013.5,66
NICO00CYP,2025,9,1,13,19,45,2025-09-01T13:19:45.000Z,35.141,33.396,190.1,1756732785,19.52,313,41,7.3,1022.1,74
NICO00CYP,2025,8,31,13,19,50,2025-08-31T13:19:50.000Z,35.141,33.396,190.1,1756646390,17.99,208,17,16.2,1003.0,45
NICO00CYP,2025,8,30,13,19,55,2025-08-30T13:19:55.000Z,35.141,33.396,190.1,1756559995,22.00,315,48,12.3,1004.8,69
NICO00CYP,2025,8,29,13,19,59,2025-08-29T13:19:59.000Z,35.141,33.396,190.1,1756473599,5.14,214,80,15.8,1007.0,61
NICO00CYP,2025,8,28,13,20,3,2025-08-28T13:20:03.000Z,35.141,33.396,190.1,1756387203,24.72,173,89,12.4,1008.7,74
NICO00CYP,2025,8,27,13,20,7,2025-08-27T13:20:07.000Z,35.141,33.396,190.1,1756300807,5.60,95,47,15.3,1004.5,46
NICO00CYP,2025,8,26,13,20,12,2025-08-26T13:20:12.000Z,35.141,33.396,190.1,1756214412,9.82,306,58,15.5,1010.1,57
NICO00CYP,2025,8,25,13,20,17,2025-08-25T13:20:17.000Z,35.141,33.396,190.1,1756128017,23.31,175,84,16.2,1018.3,58
NICO00CYP,2025,8,24,13,20,21,2025-08-24T13:20:21.000Z,35.141,33.396,190.1,1756041621,9.26,286,60,11.1,1005.3,74
NICO00CYP,2025,8,23,13,20,26,2025-08-23T13:20:26.000Z,35.141,33.396,190.1,1755955226,16.09,133,31,15.5,1003.5,67
NICO00CYP,2025,8,22,13,20,30,2025-08-22T13:20:30.000Z,35.141,33.396,190.1,1755868830,7.22,70,85,11.4,1019.7,51
NICO00CYP,2025,8,21,13,20,34,2025-08-21T13:20:34.000Z,35.141,33.396,190.1,1755782434,24.11,137,14,13.3,1012.1,53
NICO00CYP,2025,8,20,13,20,38,2025-08-20T13:20:38.000Z,35.141,33.396,190.1,1755696038,13.57,37,42,15.7,1006.5,52
NIST00USA,2025,9,8,13,20,44,2025-09-08T13:20:44.000Z,39.995,-105.263,1648.353,1757337644,24.29,138,54,3.6,1022.2,57
NIST00USA,2025,9,7,13,20,48,2025-09-07T13:20:48.000Z,39.995,-105.263,1648.353,1757251248,14.90,328,87,10.0,1008.4,69
NIST00USA,2025,9,6,13,20,54,2025-09-06T13:20:54.000Z,39.995,-105.263,1648.353,1757164854,16.76,18,88,2.6,1010.2,69
NIST00USA,2025,9,5,13,20,59,2025-09-05T13:20:59.000Z,39.995,-105.263,1648.353,1757078459,12.96,101,43,3.9,1003.4,55
NIST00USA,2025,9,4,13,21,3,2025-09-04T13:21:03.000Z,39.995,-105.263,1648.353,1756992063,23.40,314,27,4.1,1019.5,74
NIST00USA,2025,9,3,13,21,9,2025-09-03T13:21:09.000Z,39.995,-105.263,1648.353,1756905669,6.03,107,19,5.1,1021.4,47
NIST00USA,2025,9,2,13,21,13,2025-09-02T13:21:13.000Z,39.995,-105.263,1648.353,1756819273,20.91,348,87,6.2,1013.7,55
NIST00USA,2025,9,1,13,21,17,2025-09-01T13:21:17.000Z,39.995,-105.263,1648.353,1756732877,18.74,190,43,6.1,1017.6,62
NIST00USA,2025,8,31,13,21,21,2025-08-31T13:21:21.000Z,39.995,-105.263,1648.353,1756646481,22.78,9,25,6.8,1013.9,67
NIST00USA,2025,8,30,13,21,27,2025-08-30T13:21:27.000Z,39.995,-105.263,1648.353,1756560087,20.35,256,85,10.8,1007.8,63
NIST00USA,2025,8,29,13,21,31,2025-08-29T13:21:31.000Z,39.995,-105.263,1648.353,1756473691,14.66,0,11,7.2,1004.1,51
NIST00USA,2025,8,28,13,21,35,2025-08-28T13:21:35.000Z,39.995,-105.263,1648.353,1756387295,23.98,318,76,6.8,1005.0,72
NIST00USA,2025,8,27,13,21,40,2025-08-27T13:21:40.000Z,39.995,-105.263,1648.353,1756300900,13.09,231,28,8.2,1018.1,57
NIST00USA,2025,8,26,13,21,44,2025-08-26T13:21:44.000Z,39.995,-105.263,1648.353,1756214504,8.24,149,16,13.2,1004.3,71
NIST00USA,2025,8,25,13,21,48,2025-08-25T13:21:48.000Z,39.995,-105.263,1648.353,1756128108,11.85,128,8,11.6,1005.5,58
NIST00USA,2025,8,24,13,21,53,2025-08-24T13:21:53.000Z,39.995,-105.263,1648.353,1756041713,23.54,284,39,8.8,1010.8,69
NIST00USA,2025,8,23,13,21,57,2025-08-23T13:21:57.000Z,39.995,-105.263,1648.353,1755955317,12.63,11,85,12.1,1020.0,45
NIST00USA,2025,8,22,13,22,1,2025-08-22T13:22:01.000Z,39.995,-105.263,1648.353,1755868921,15.30,275,11,6.2,1013.8,51
NIST00USA,2025,8,21,13,22,5,2025-08-21T13:22:05.000Z,39.995,-105.263,1648.353,1755782525,12.77,294,74,8.1,1010.1,46
NIST00USA,2025,8,20,13,22,9,2025-08-20T13:22:09.000Z,39.995,-105.263,1648.353,1755696129,15.88,348,4,10.7,1007.6,52
NIUM00NIU,2025,9,8,13,22,16,2025-09-08T13:22:16.000Z,-19.077,-169.927,90.1,1757337736,24.97,354,74,17.1,1020.6,67
NIUM00NIU,2025,9,7,13,22,20,2025-09-07T13:22:20.000Z,-19.077,-169.927,90.1,1757251340,19.16,242,21,18.7,1012.4,59
NIUM00NIU,2025,9,6,13,22,24,2025-09-06T13:22:24.000Z,-19.077,-169.927,90.1,1757164944,16.81,64,33,15.4,1014.7,66
NIUM00NIU,2025,9,5,13,22,28,2025-09-05T13:22:28.000Z,-19.077,-169.927,90.1,1757078548,6.70,309,62,22.0,1022.6,65
NIUM00NIU,2025,9,4,13,22,32,2025-09-04T13:22:32.000Z,-19.077,-169.927,90.1,1756992152,19.63,30,1,18.2,1009.3,45
NIUM00NIU,2025,9,3,13,22,36,2025-09-03T13:22:36.000Z,-19.077,-169.927,90.1,1756905756,17.61,139,47,21.3,1023.0,64
NIUM00NIU,2025,9,2,13,22,40,2025-09-02T13:22:40.000Z,-19.077,-169.927,90.1,1756819360,19.09,184,49,19.7,1004.4,56
NIUM00NIU,2025,9,1,13,22,45,2025-09-01T13:22:45.000Z,-19.077,-169.927,90.1,1756732965,22.97,352,70,17.9,1008.1,69
NIUM00NIU,2025,8,31,13,22,51,2025-08-31T13:22:51.000Z,-19.077,-169.927,90.1,1756646571,14.58,295,31,19.2,1011.2,72
NIUM00NIU,2025,8,30,13,22,56,2025-08-30T13:22:56.000Z,-19.077,-169.927,90.1,1756560176,15.12,72,14,19.3,1004.2,61
NIUM00NIU,2025,8,29,13,23,0,2025-08-29T13:23:00.000Z,-19.077,-169.927,90.1,1756473780,19.99,48,20,21.5,1011.9,51
NIUM00NIU,2025,8,28,13,23,4,2025-08-28T13:23:04.000Z,-19.077,-169.927,90.1,1756387384,11.73,132,41,21.4,1018.9,58
NIUM00NIU,2025,8,27,13,23,8,2025-08-27T13:23:08.000Z,-19.077,-169.927,90.1,1756300988,15.78,123,0,19.2,1015.1,51
NIUM00NIU,2025,8,26,13,23,12,2025-08-26T13:23:12.000Z,-19.077,-169.927,90.1,1756214592,23.33,241,14,20.0,1009.9,45
NIUM00NIU,2025,8,25,13,23,16,2025-08-25T13:23:16.000Z,-19.077,-169.927,90.1,1756128196,14.50,156,52,19.7,1010.0,53
NIUM00NIU,2025,8,24,13,23,21,2025-08-24T13:23:21.000Z,-19.077,-169.927,90.1,1756041801,23.95,244,42,21.0,1019.4,73
NIUM00NIU,2025,8,23,13,23,25,2025-08-23T13:23:25.000Z,-19.077,-169.927,90.1,1755955405,10.43,135,24,24.2,1015.4,72
NIUM00NIU,2025,8,22,13,23,29,2025-08-22T13:23:29.000Z,-19.077,-169.927,90.1,1755869009,16.38,153,58,21.9,1010.0,60
NIUM00NIU,2025,8,21,13,23,34,2025-08-21T13:23:34.000Z,-19.077,-169.927,90.1,1755782614,15.20,172,56,23.5,1017.8,56
NIUM00NIU,2025,8,20,13,23,38,2025-08-20T13:23:38.000Z,-19.077,-169.927,90.1,1755696218,12.61,216,30,20.0,1009.3,54
NKAY00LAO,2025,9,8,13,23,44,2025-09-08T13:23:44.000Z,17.719,105.153,521.6,1757337824,21.54,178,6,21.8,1012.5,46
NKAY00LAO,2025,9,7,13,23,48,2025-09-07T13:23:48.000Z,17.719,105.153,521.6,1757251428,6.05,189,23,17.5,1019.1,68
NKAY00LAO,2025,9,6,13,23,52,2025-09-06T13:23:52.000Z,17.719,105.153,521.6,1757165032,11.35,332,27,19.5,1017.0,72
NKAY00LAO,2025,9,5,13,23,56,2025-09-05T13:23:56.000Z,17.719,105.153,521.6,1757078636,8.35,333,61,15.5,1004.4,46
NKAY00LAO,2025,9,4,13,24,0,2025-09-04T13:24:00.000Z,17.719,105.153,521.6,1756992240,17.58,303,8,19.9,1011.1,57
NKAY00LAO,2025,9,3,13,24,7,2025-09-03T13:24:07.000Z,17.719,105.153,521.6,1756905847,14.93,174,16,18.0,1017.6,56
NKAY00LAO,2025,9,2,13,24,11,2025-09-02T13:24:11.000Z,17.719,105.153,521.6,1756819451,21.01,233,37,16.3,1022.7,62
NKAY00LAO,2025,9,1,13,24,15,2025-09-01T13:24:15.000Z,17.719,105.153,521.6,1756733055,17.90,244,18,18.3,1005.4,73
NKAY00LAO,2025,8,31,13,24,21,2025-08-31T13:24:21.000Z,17.719,105.153,521.6,1756646661,24.27,41,78,25.8,1021.4,64
NKAY00LAO,2025,8,30,13,24,25,2025-08-30T13:24:25.000Z,17.719,105.153,521.6,1756560265,18.21,292,29,24.4,1017.3,47
NKAY00LAO,2025,8,29,13,24,30,2025-08-29T13:24:30.000Z,17.719,105.153,521.6,1756473870,23.09,241,27,23.2,1019.3,45
NKAY00LAO,2025,8,28,13,24,34,2025-08-28T13:24:34.000Z,17.719,105.153,521.6,1756387474,6.21,76,43,21.6,1009.9,58
NKAY00LAO,2025,8,27,13,24,39,2025-08-27T13:24:39.000Z,17.719,105.153,521.6,1756301079,23.95,156,35,21.3,1021.4,49
NKAY00LAO,2025,8,26,13,24,43,2025-08-26T13:24:43.000Z,17.719,105.153,521.6,1756214683,10.72,249,67,19.3,1010.9,46
NKAY00LAO,2025,8,25,13,24,47,2025-08-25T13:24:47.000Z,17.719,105.153,521.6,1756128287,7.66,287,12,26.4,1011.2,73
NKAY00LAO,2025,8,24,13,24,52,2025-08-24T13:24:52.000Z,17.719,105.153,521.6,1756041892,18.18,107,12,23.8,1022.4,47
NKAY00LAO,2025,8,23,13,24,56,2025-08-23T13:24:56.000Z,17.719,105.153,521.6,1755955496,5.67,154,13,23.6,1009.2,66
NKAY00LAO,2025,8,22,13,25,1,2025-08-22T13:25:01.000Z,17.719,105.153,521.6,1755869101,13.30,141,15,23.3,1005.8,53
NKAY00LAO,2025,8,21,13,25,5,2025-08-21T13:25:05.000Z,17.719,105.153,521.6,1755782705,9.41,199,3,19.6,1010.8,51
NKAY00LAO,2025,8,20,13,25,11,2025-08-20T13:25:11.000Z,17.719,105.153,521.6,1755696311,15.55,343,29,22.5,1015.8,46
NKLG00GAB,2025,9,8,13,25,17,2025-09-08T13:25:17.000Z,0.354,9.672,31.496,1757337917,20.01,323,70,33.3,1018.1,45
NKLG00GAB,2025,9,7,13,25,22,2025-09-07T13:25:22.000Z,0.354,9.672,31.496,1757251522,23.20,20,51,33.1,1008.2,53
NKLG00GAB,2025,9,6,13,25,25,2025-09-06T13:25:25.000Z,0.354,9.672,31.496,1757165125,17.33,269,46,30.2,1004.5,50
NKLG00GAB,2025,9,5,13,25,30,2025-09-05T13:25:30.000Z,0.354,9.672,31.496,1757078730,21.73,316,72,33.5,1015.0,49
NKLG00GAB,2025,9,4,13,25,35,2025-09-04T13:25:35.000Z,0.354,9.672,31.496,1756992335,10.45,184,88,32.3,1008.7,58
NKLG00GAB,2025,9,3,13,25,40,2025-09-03T13:25:40.000Z,0.354,9.672,31.496,1756905940,11.33,135,34,30.8,1017.1,58
NKLG00GAB,2025,9,2,13,25,44,2025-09-02T13:25:44.000Z,0.354,9.672,31.496,1756819544,21.51,52,6,26.1,1006.0,52
NKLG00GAB,2025,9,1,13,25,52,2025-09-01T13:25:52.000Z,0.354,9.672,31.496,1756733152,19.99,31,49,33.4,1012.9,56
NKLG00GAB,2025,8,31,13,25,56,2025-08-31T13:25:56.000Z,0.354,9.672,31.496,1756646756,12.25,330,6,35.8,1005.6,46
NKLG00GAB,2025,8,30,13,26,1,2025-08-30T13:26:01.000Z,0.354,9.672,31.496,1756560361,19.41,93,70,30.1,1018.6,50
NKLG00GAB,2025,8,29,13,26,6,2025-08-29T13:26:06.000Z,0.354,9.672,31.496,1756473966,5.74,229,53,35.6,1021.3,53
NKLG00GAB,2025,8,28,13,26,11,2025-08-28T13:26:11.000Z,0.354,9.672,31.496,1756387571,9.06,153,15,32.5,1019.9,63
NKLG00GAB,2025,8,27,13,26,16,2025-08-27T13:26:16.000Z,0.354,9.672,31.496,1756301176,7.81,73,59,34.7,1022.5,73
NKLG00GAB,2025,8,26,13,26,20,2025-08-26T13:26:20.000Z,0.354,9.672,31.496,1756214780,21.80,98,52,33.6,1006.5,65
NKLG00GAB,2025,8,25,13,26,25,2025-08-25T13:26:25.000Z,0.354,9.672,31.496,1756128385,14.93,269,15,33.7,1008.4,65
NKLG00GAB,2025,8,24,13,26,30,2025-08-24T13:26:30.000Z,0.354,9.672,31.496,1756041990,14.75,185,57,34.6,1017.2,68
NKLG00GAB,2025,8,23,13,26,34,2025-08-23T13:26:34.000Z,0.354,9.672,31.496,1755955594,10.21,25,44,36.7,1011.7,69
NKLG00GAB,2025,8,22,13,26,39,2025-08-22T13:26:39.000Z,0.354,9.672,31.496,1755869199,22.43,161,49,32.0,1021.2,49
NKLG00GAB,2025,8,21,13,26,45,2025-08-21T13:26:45.000Z,0.354,9.672,31.496,1755782805,9.47,72,41,31.0,1004.8,46
NKLG00GAB,2025,8,20,13,26,50,2025-08-20T13:26:50.000Z,0.354,9.672,31.496,1755696410,13.33,153,28,31.0,1010.4,70
NLIB00USA,2025,9,8,13,26,57,2025-09-08T13:26:57.000Z,41.772,-91.575,207.065,1757338017,14.06,191,41,6.9,1013.6,52
NLIB00USA,2025,9,7,13,27,1,2025-09-07T13:27:01.000Z,41.772,-91.575,207.065,1757251621,14.12,176,4,1.9,1018.1,56
NLIB00USA,2025,9,6,13,27,6,2025-09-06T13:27:06.000Z,41.772,-91.575,207.065,1757165226,9.72,347,23,6.3,1010.5,66
NLIB00USA,2025,9,5,13,27,10,2025-09-05T13:27:10.000Z,41.772,-91.575,207.065,1757078830,18.79,149,58,4.2,1004.7,55
NLIB00USA,2025,9,4,13,27,13,2025-09-04T13:27:13.000Z,41.772,-91.575,207.065,1756992433,13.66,340,62,7.9,1008.9,53
NLIB00USA,2025,9,3,13,27,18,2025-09-03T13:27:18.000Z,41.772,-91.575,207.065,1756906038,15.77,7,64,1.5,1020.0,67
NLIB00USA,2025,9,2,13,27,22,2025-09-02T13:27:22.000Z,41.772,-91.575,207.065,1756819642,23.20,40,21,4.1,1017.2,72
NLIB00USA,2025,9,1,13,27,27,2025-09-01T13:27:27.000Z,41.772,-91.575,207.065,1756733247,24.52,25,55,7.4,1004.9,47
NLIB00USA,2025,8,31,13,27,32,2025-08-31T13:27:32.000Z,41.772,-91.575,207.065,1756646852,19.61,163,60,5.7,1022.6,67
NLIB00USA,2025,8,30,13,27,37,2025-08-30T13:27:37.000Z,41.772,-91.575,207.065,1756560457,5.60,216,14,6.0,1011.3,61
NLIB00USA,2025,8,29,13,27,41,2025-08-29T13:27:41.000Z,41.772,-91.575,207.065,1756474061,11.65,305,9,10.9,1021.7,73
NLIB00USA,2025,8,28,13,27,45,2025-08-28T13:27:45.000Z,41.772,-91.575,207.065,1756387665,20.15,82,52,11.5,1008.0,69
NLIB00USA,2025,8,27,13,27,49,2025-08-27T13:27:49.000Z,41.772,-91.575,207.065,1756301269,16.82,152,77,10.1,1003.8,69
NLIB00USA,2025,8,26,13,27,53,2025-08-26T13:27:53.000Z,41.772,-91.575,207.065,1756214873,14.90,113,10,12.3,1004.6,59
NLIB00USA,2025,8,25,13,27,57,2025-08-25T13:27:57.000Z,41.772,-91.575,207.065,1756128477,12.49,196,10,8.2,1003.4,59
NLIB00USA,2025,8,24,13,28,1,2025-08-24T13:28:01.000Z,41.772,-91.575,207.065,1756042081,16.64,309,31,7.4,1018.3,55
NLIB00USA,2025,8,23,13,28,6,2025-08-23T13:28:06.000Z,41.772,-91.575,207.065,1755955686,19.28,267,45,7.8,1012.2,56
NLIB00USA,2025,8,22,13,28,10,2025-08-22T13:28:10.000Z,41.772,-91.575,207.065,1755869290,6.46,264,58,12.1,1007.7,46
NLIB00USA,2025,8,21,13,28,15,2025-08-21T13:28:15.000Z,41.772,-91.575,207.065,1755782895,12.42,69,60,5.7,1010.1,48
NLIB00USA,2025,8,20,13,28,19,2025-08-20T13:28:19.000Z,41.772,-91.575,207.065,1755696499,10.29,125,61,7.0,1003.4,72
